"","x"
"1","https://www.imo.org/en/MediaCentre/PressBriefings/Pages/default.aspx"
"2","https://www.imo.org/en/MediaCentre/PressBriefings/Archives"
"3","https://www.imo.org/en/MediaCentre/PressBriefings/Pages/Archives.aspx"
"4","https://www.imo.org/en/MediaCentre/PressBriefings/pages/Crew-change-COVID-19.aspx"
"5","https://www.imo.org/en/MediaCentre/PressBriefings/Pages/2019-Archives.aspx?page=2"
"6","https://www.imo.org/en/MediaCentre/PressBriefings/Pages/2019-Archives.aspx?page=3"
"7","https://www.imo.org/en/MediaCentre/PressBriefings/Pages/vaccination-UN-joint-statement.aspx"
"8","https://www.imo.org/en/MediaCentre/PressBriefings/Pages/27-sulphur-2020-roundtable-.aspx"
"9","https://www.imo.org/en/MediaCentre/PressBriefings/Pages/08-MSC-99-MASS-scoping.aspx"
"10","https://www.imo.org/en/MediaCentre/PressBriefings/Pages/23%20Guide-to-rescue-at-sea-for-refugees-and-migrants-now-available-in-six-languages.aspx"
"11","https://www.imo.org/en/MediaCentre/PressBriefings/pages/41-crew-change-protocols.aspx"
"12","https://www.imo.org/en/MediaCentre/PressBriefings/pages/IMO-launches-a-year-of-action-for-seafarers.aspx"
"13","https://www.imo.org/en/MediaCentre/PressBriefings/Pages/2019-Archives.aspx?page=5"
"14","https://www.imo.org/en/MediaCentre/PressBriefings/Pages/25-Torremolinos-Conference.aspx"
"15","https://www.imo.org/en/MediaCentre/PressBriefings/Pages/34-IMO-2020-sulphur-limit-.aspx"
"16","https://www.imo.org/en/MediaCentre/PressBriefings/pages/02-IMO-2020.aspx"
"17","https://www.imo.org/en/MediaCentre/PressBriefings/pages/34-Bravery-2020.aspx"
"18","https://www.imo.org/en/MediaCentre/PressBriefings/pages/42-MEPC-short-term-measure.aspx"
"19","https://www.imo.org/en/MediaCentre/PressBriefings/pages/SWiFT.aspx"
"20","https://www.imo.org/en/MediaCentre/PressBriefings/Pages/08-bwm-study.aspx"
"21","https://www.imo.org/en/MediaCentre/PressBriefings/Pages/20-DOTS-2020.aspx"
"22","https://www.imo.org/en/MediaCentre/PressBriefings/pages/GloLitter-Project-30-countries.aspx"
"23","https://www.imo.org/en/MediaCentre/PressBriefings/Pages/25-World-Maritime-theme-2021.aspx"
"24","https://www.imo.org/en/MediaCentre/PressBriefings/pages/IMO-Virtual-Awards-event.aspx"
"25","https://www.imo.org/en/MediaCentre/PressBriefings/Pages/06GHGinitialstrategy.aspx"
"26","https://www.imo.org/en/MediaCentre/PressBriefings/pages/38-FINSMART-roundtable.aspx"
"27","https://www.imo.org/en/MediaCentre/PressBriefings/Pages/23-GMN-overview-.aspx"
"28","https://www.imo.org/en/MediaCentre/MeetingSummaries/Pages/SSE-Default.aspx"
"29","https://www.imo.org/en/MediaCentre/MeetingSummaries/Pages/LEG-Default.aspx"
"30","https://www.imo.org/en/MediaCentre/MeetingSummaries/Pages/TC-Default.aspx"
"31","https://www.imo.org/en/MediaCentre/MeetingSummaries/Pages/NCSR-default.aspx"
"32","https://www.imo.org/en/MediaCentre/PressBriefings/Pages/40-MSC94wrap.aspx"
"33","https://www.imo.org/en/MediaCentre/MeetingSummaries/Pages/HTW-Default.aspx"
"34","https://www.imo.org/en/MediaCentre/PressBriefings/pages/43-promoting-diversity.aspx"
"35","https://www.imo.org/en/MediaCentre/PressBriefings/Pages/04MARPOLamendments.aspx"
"36","https://www.imo.org/en/MediaCentre/MeetingSummaries/Pages/Council-default.aspx"
"37","https://www.imo.org/en/MediaCentre/PressBriefings/Pages/32-A-30-opening.aspx"
"38","https://www.imo.org/en/MediaCentre/MeetingSummaries/Pages/FAL-default.aspx"
"39","https://www.imo.org/en/MediaCentre/PressBriefings/pages/39-GHG-SMART-.aspx"
"40","https://www.imo.org/en/MediaCentre/MeetingSummaries/Pages/SDC-Default.aspx"
"41","https://www.imo.org/en/MediaCentre/PressBriefings/Pages/02-department-for-partnerships-and-projects-.aspx"
"42","https://www.imo.org/en/MediaCentre/PressBriefings/Pages/15-Polar-film.aspx"
"43","https://www.imo.org/en/MediaCentre/PressBriefings/Pages/23-SENSREC-Phase-III.aspx"
"44","https://www.imo.org/en/MediaCentre/PressBriefings/pages/46-no-crew-change-clause-.aspx"
"45","https://www.imo.org/en/MediaCentre/PressBriefings/Pages/32-GMN-MTCC.aspx"
"46","https://www.imo.org/en/MediaCentre/PressBriefings/Pages/09-seafarers-COVID19.aspx"
"47","https://www.imo.org/en/MediaCentre/pressbriefings/pages/09mepc63ends.aspx"
"48","https://www.imo.org/en/MediaCentre/Pages/WhatsNew-1579.aspx"
"49","https://www.imo.org/en/MediaCentre/PressBriefings/Pages/21-medical-care-seafarers.aspx"
"50","https://www.imo.org/en/MediaCentre/PressBriefings/Pages/02--GBS.aspx"
"51","https://www.imo.org/en/MediaCentre/PressBriefings/Pages/21-BWM-Amendments-EIF-.aspx"
"52","https://www.imo.org/en/MediaCentre/PressBriefings/Pages/01-WMU-president.aspx"
"53","https://www.imo.org/en/MediaCentre/PressBriefings/Pages/22-BWM-.aspx?platform=hootsuite"
"54","https://www.imo.org/en/MediaCentre/MaritimeNewsMagazine/Pages/default.aspx"
"55","https://www.imo.org/en/MediaCentre/PressBriefings/Pages/05-glofouling-taskforce.aspx"
"56","https://www.imo.org/en/MediaCentre/PressBriefings/Pages/08-IMO-SG-message.aspx"
"57","https://www.imo.org/en/MediaCentre/PressBriefings/pages/03-piracy-Gulf-of-Guinea.aspx"
"58","https://www.imo.org/en/MediaCentre/PressBriefings/Pages/3-SG-emissions.aspx"
"59","https://www.imo.org/en/MediaCentre/PressBriefings/pages/36-ISWG-GHG-7.aspx"
"60","https://www.imo.org/en/MediaCentre/PressBriefings/Pages/14-meetings-postponed.aspx"
"61","https://www.imo.org/en/MediaCentre/Pages/WhatsNew-1537.aspx"
"62","https://www.imo.org/en/MediaCentre/PressBriefings/pages/37-fishing-safety.aspx"
"63","https://www.imo.org/en/MediaCentre/MeetingSummaries/Pages/CCC-Default.aspx"
"64","https://www.imo.org/en/MediaCentre/MeetingSummaries/Pages/DSC-16.aspx"
"65","https://www.imo.org/en/MediaCentre/MeetingSummaries/Pages/Assembly-default.aspx"
"66","https://www.imo.org/en/MediaCentre/PressBriefings/Pages/17-MEPC-71.aspx"
"67","https://www.imo.org/en/MediaCentre/MeetingSummaries/Pages/PPR-default.aspx"
"68","https://www.imo.org/en/MediaCentre/PressBriefings/Pages/31-India-HKC.aspx"
"69","https://www.imo.org/en/MediaCentre/MeetingSummaries/Pages/III-Default.aspx"
"70","https://www.imo.org/en/MediaCentre/PressBriefings/Pages/13-GBS-.aspx"
"71","https://www.imo.org/en/MediaCentre/PressBriefings/Pages/37-A30.aspx"
"72","https://www.imo.org/en/MediaCentre/PressBriefings/pages/Green-Voyage-.aspx"
"73","https://www.imo.org/en/MediaCentre/PressBriefings/Pages/22-bauxite-CCC.aspx"
"74","https://www.imo.org/en/MediaCentre/PressBriefings/Pages/26-MSC-95-ENDS.aspx"
"75","https://www.imo.org/en/MediaCentre/PressBriefings/Pages/17-WOD-message.aspx"
"76","https://www.imo.org/en/MediaCentre/PressBriefings/Pages/34-Bravery2017.aspx"
"77","https://www.imo.org/en/MediaCentre/PressBriefings/pages/40-William-O'Neil.aspx"
"78","https://www.imo.org/en/MediaCentre/PressBriefings/Pages/34-CP-Srivastava.aspx"
"79","https://www.imo.org/en/MediaCentre/PressBriefings/Pages/05-GMNvideo.aspx"
"80","https://www.imo.org/en/MediaCentre/PressBriefings/Pages/01-MARPOLamendments01012019.aspx"
"81","https://www.imo.org/en/MediaCentre/PressBriefings/Pages/35-SOLAS-EIF-2020.aspx"
"82","https://www.imo.org/en/MediaCentre/MeetingSummaries/Pages/CCC-6th-session.aspx"
"83","https://www.imo.org/en/MediaCentre/MeetingSummaries/Pages/MEPC-default.aspx"
"84","https://www.imo.org/en/MediaCentre/PressBriefings/Pages/13-WMD2019themeC120.aspx"
"85","https://www.imo.org/en/MediaCentre/PressBriefings/Pages/31-Prize-Wiswall.aspx"
"86","https://www.imo.org/en/MediaCentre/PressBriefings/Pages/32-GloLitter-signing.aspx"
"87","https://www.imo.org/en/MediaCentre/PressBriefings/Pages/46-DRTC-DCOC.aspx"
"88","https://www.imo.org/en/MediaCentre/PressBriefings/Pages/10-MEPC-66-ends.aspx"
"89","https://www.imo.org/en/MediaCentre/PressBriefings/Pages/13-seafarer-message.aspx"
"90","https://www.imo.org/en/MediaCentre/PressBriefings/Pages/11-PSC-meeting.aspx"
"91","https://www.imo.org/en/MediaCentre/PressBriefings/Pages/A-28-ends-.aspx"
"92","https://www.imo.org/en/MediaCentre/PressBriefings/pages/33-IMP-2019.aspx"
"93","https://www.imo.org/en/MediaCentre/PressBriefings/Pages/11-MEPSEASLAUNCH.aspx"
"94","https://www.imo.org/en/MediaCentre/PressBriefings/Pages/29-Bravery-Award-2019-.aspx"
"95","https://www.imo.org/en/MediaCentre/HotTopics/Pages/Coronavirus.aspx"
"96","https://www.imo.org/en/MediaCentre/PressBriefings/Pages/27-crew-change-joint-statement.aspx"
"97","https://www.imo.org/en/MediaCentre/PressBriefings/Pages/20-biofouling.aspx"
"98","https://www.imo.org/en/MediaCentre/PressBriefings/pages/32-crew-change-UNGA.aspx"
"99","https://www.imo.org/en/MediaCentre/Pages/WhatsNew-1558.aspx"
"100","https://www.imo.org/en/MediaCentre/HotTopics/Pages/Autonomous-shipping.aspx"
"101","https://www.imo.org/en/MediaCentre/HotTopics/Pages/COVID-19-Member-States-Communications.aspx"
"102","https://www.imo.org/en/MediaCentre/Pages/WhatsNew-1590.aspx"
"103","https://www.imo.org/en/MediaCentre/PressBriefings/pages/01-special-rapporteur.aspx"
"104","https://www.imo.org/en/MediaCentre/PressBriefings/Pages/04-unsafemigrationbyseaopening.aspx"
"105","https://www.imo.org/en/MediaCentre/PressBriefings/Pages/21-BWM-EIF.aspx"
"106","https://www.imo.org/en/MediaCentre/PressBriefings/Pages/38-nmsc94polar.aspx"
"107","https://www.imo.org/en/MediaCentre/PressBriefings/Pages/17GoMEEPguides.aspx"
"108","https://www.imo.org/en/MediaCentre/MeetingSummaries/Pages/LEG-107th-session.aspx"
"109","https://www.imo.org/en/MediaCentre/PressBriefings/Pages/14-Turning-the-tide-.aspx"
"110","https://www.imo.org/en/MediaCentre/PressBriefings/Pages/23-westandcentralafricacode.aspx"
"111","https://www.imo.org/en/MediaCentre/PressBriefings/Pages/26-ISWG-GHG.aspx"
"112","https://www.imo.org/en/MediaCentre/MeetingSummaries/Pages/MSC-Default.aspx"
"113","https://www.imo.org/en/MediaCentre/MeetingSummaries/Pages/SSE-7th-session.aspx"
"114","https://www.imo.org/en/MediaCentre/PressBriefings/Pages/50-kitack-lim-SG-.aspx"
"115","https://www.imo.org/en/MediaCentre/PressBriefings/Pages/30-Joint-Statement-trade.aspx"
"116","https://www.imo.org/en/MediaCentre/PressBriefings/Pages/32-mepc-polar.aspx"
"117","https://www.imo.org/en/MediaCentre/PressBriefings/Pages/13-athensEIF.aspx"
"118","https://www.imo.org/en/MediaCentre/PressBriefings/Pages/34-mepc-67-emissions.aspx"
"119","https://www.imo.org/en/MediaCentre/PressBriefings/pages/35-UN-75.aspx"
"120","https://www.imo.org/en/MediaCentre/HotTopics/Pages/Implementing-the-BWM-Convention.aspx"
"121","https://www.imo.org/en/MediaCentre/MeetingSummaries/Pages/SDC-7.aspx"
"122","https://www.imo.org/en/MediaCentre/HotTopics/Pages/BWM-default.aspx"
"123","https://www.imo.org/en/MediaCentre/PressBriefings/Pages/08-green-voyage-2050.aspx"
"124","https://www.imo.org/en/MediaCentre/PressBriefings/pages/29-MSC-Ex-Session-seafarer-resolution.aspx"
"125","https://www.imo.org/en/MediaCentre/PressBriefings/Pages/24-LP-20.aspx"
"126","https://www.imo.org/en/MediaCentre/PressBriefings/Pages/40-WMD-symposium.aspx"
"127","https://www.imo.org/en/MediaCentre/HotTopics/Pages/Wakashio-statement-16092020.aspx"
"128","http://www.imo.org/en/MediaCentre/PressBriefings/Pages/12-HNS-ratification-Norway.aspx"
"129","https://www.imo.org/en/MediaCentre/MeetingSummaries/Pages/STW-41st-Session.aspx"
"130","https://www.imo.org/en/MediaCentre/PressBriefings/Pages/09PolandWorldMaritimeDayParallelEvent.aspx"
"131","https://www.imo.org/en/MediaCentre/PressBriefings/Pages/21-Nippon-WMU.aspx"
"132","https://www.imo.org/en/MediaCentre/MeetingSummaries/Pages/CCC-2-.aspx"
"133","https://www.imo.org/en/MediaCentre/PressBriefings/Pages/52-djibouti-training-centre-stone.aspx"
"134","https://www.imo.org/en/MediaCentre/PressBriefings/pages/Gender-equality-and-leadership-in-a-COVID-19-maritime-world-.aspx"
"135","https://www.imo.org/en/MediaCentre/PressBriefings/Pages/03-1-March-carriage-ban-.aspx"
"136","https://www.imo.org/en/MediaCentre/PressBriefings/Pages/28-CCC1IGF.aspx"
"137","https://www.imo.org/en/MediaCentre/PressBriefings/Pages/36-MTCCMOU.aspx"
"138","https://www.imo.org/en/MediaCentre/Pages/WhatsNew-1586.aspx"
"139","https://www.imo.org/en/MediaCentre/Pages/WhatsNew.aspx"
"140","https://www.imo.org/en/MediaCentre/HotTopics/Pages/passengership-default.aspx"
"141","https://www.imo.org/en/MediaCentre/PressBriefings/Pages/38-bauxite-CCC.aspx"
"142","https://www.imo.org/en/MediaCentre/PressBriefings/Pages/12-HNS-ratification-Norway.aspx"
"143","https://www.imo.org/en/MediaCentre/PressBriefings/Pages/13-sulphur-2020-update-.aspx"
"144","https://www.imo.org/en/MediaCentre/PressBriefings/Pages/05-50-years-together-launch.aspx"
"145","https://www.imo.org/en/MediaCentre/MeetingSummaries/Pages/MEPC-74th-session.aspx"
"146","https://www.imo.org/en/MediaCentre/PressBriefings/Pages/26-oceansenvoy.aspx"
"147","https://www.imo.org/en/MediaCentre/PressBriefings/Pages/11-data-collection-.aspx"
"148","https://www.imo.org/en/MediaCentre/MeetingSummaries/Pages/NCSR-6th-session.aspx"
"149","https://www.imo.org/en/MediaCentre/PressBriefings/Pages/39-WMD-2015-.aspx"
"150","https://www.imo.org/en/MediaCentre/PressBriefings/Pages/33-A31-empowering-women.aspx"
"151","https://www.imo.org/en/MediaCentre/PressBriefings/Pages/18-bravery-2019.aspx"
"152","https://www.imo.org/en/MediaCentre/PressBriefings/Pages/29-mixedmigration.aspx"
"153","https://www.imo.org/en/MediaCentre/IMOMediaAccreditation/Pages/MEPC71PREVIEW.aspx"
"154","https://www.imo.org/en/MediaCentre/IMOMediaAccreditation/Pages/MEPC72.aspx"
"155","https://www.imo.org/en/MediaCentre/PressBriefings/Pages/15_WMD2018.aspx"
"156","https://www.imo.org/en/MediaCentre/PressBriefings/Pages/22-crew-change-summit.aspx"
"157","https://www.imo.org/en/MediaCentre/PressBriefings/Pages/19-Colombia-World-Maritime-Day-Parallel-Event-.aspx"
"158","https://www.imo.org/en/MediaCentre/PressBriefings/Pages/36-microplastics-gesamp.aspx"
"159","https://www.imo.org/en/MediaCentre/PressBriefings/Pages/02-WMD-launch.aspx"
"160","https://www.imo.org/en/MediaCentre/PressBriefings/Pages/33-mepc-67-bwm.aspx"
"161","https://www.imo.org/en/MediaCentre/PressBriefings/Pages/30-Bravery-2016.aspx"
"162","https://www.imo.org/en/MediaCentre/PressBriefings/Pages/13-MTCC-LATAM.aspx"
"163","https://www.imo.org/en/MediaCentre/MeetingSummaries/Pages/HTW-6th-session.aspx"
"164","https://www.imo.org/en/MediaCentre/MeetingSummaries/Pages/MEPC-75th-session.aspx"
"165","https://www.imo.org/en/MediaCentre/PressBriefings/Pages/58-glomeep-georgia.aspx"
"166","https://www.imo.org/en/MediaCentre/PressBriefings/Pages/24BraveryAwards2018.aspx"
"167","https://www.imo.org/en/MediaCentre/PressBriefings/Pages/03-migrants-SG.aspx"
"168","https://www.imo.org/en/MediaCentre/PressBriefings/Pages/25-worldmaritimedayparalleleventpanama.aspx"
"169","https://www.imo.org/en/MediaCentre/PressBriefings/Pages/18-GloFouling-GIA-launch.aspx"
"170","https://www.imo.org/en/MediaCentre/PressBriefings/Pages/22-MSC-100-special-session.aspx"
"171","https://www.imo.org/en/MediaCentre/MeetingSummaries/Pages/PPR-7th-Session.aspx"
"172","https://www.imo.org/en/MediaCentre/PressBriefings/Pages/06-japanfund.aspx"
"173","https://www.imo.org/en/MediaCentre/PressBriefings/Pages/15-microplastics.aspx"
"174","https://www.imo.org/en/MediaCentre/HotTopics"
"175","https://www.imo.org/en/MediaCentre/PressBriefings/Pages/33-migrants-platform.aspx"
"176","https://www.imo.org/en/MediaCentre/PressBriefings/Pages/28-Assembly-31-opening-.aspx"
"177","https://www.imo.org/en/MediaCentre/Pages/WhatsNew-1588.aspx"
"178","https://www.imo.org/en/MediaCentre/PressBriefings/Pages/06-MLC-amendments-EIF.aspx"
"179","https://www.imo.org/en/MediaCentre/PressBriefings/Pages/21-glofouling.aspx"
"180","https://www.imo.org/en/MediaCentre/PressBriefings/Pages/48-Bravery-2015-AST-Leon.aspx"
"181","https://www.imo.org/en/MediaCentre/PressBriefings/Pages/41-SDGS.aspx"
"182","https://www.imo.org/en/MediaCentre/HotTopics/Pages/FAQ-on-crew-changes-and-repatriation-of-seafarers.aspx"
"183","https://www.imo.org/en/MediaCentre/PressBriefings/Pages/09-MTCC-EOI.aspx"
"184","https://www.imo.org/en/MediaCentre/PressBriefings/Pages/50-Sasakawa-prize.aspx"
"185","https://www.imo.org/en/MediaCentre/PressBriefings/Pages/16-IMO-ICAO-ILO-joint-statement.aspx"
"186","https://www.imo.org/en/MediaCentre/PressBriefings/pages/31-World-Maritime-Day-2020.aspx"
"187","https://www.imo.org/en/MediaCentre/HotTopics/Pages/Support-for-seafarers-during-COVID-19.aspx"
"188","https://www.imo.org/en/MediaCentre/PressBriefings/Pages/30-PSC-workshop.aspx?platform=hootsuite"
"189","https://www.imo.org/en/MediaCentre/HotTopics/Pages/Fishing.aspx"
"190","https://www.imo.org/en/MediaCentre/MeetingSummaries/NCSR"
"191","https://www.imo.org/en/MediaCentre/PressBriefings/Pages/03-new-year-sdc.aspx"
"192","https://www.imo.org/en/MediaCentre/MeetingSummaries/Pages/FAL-44th-Session.aspx"
"193","https://www.imo.org/en/MediaCentre/PressBriefings/Pages/43-glomeep-launch.aspx"
"194","https://www.imo.org/en/MediaCentre/MeetingSummaries/Pages/DSC-15th-Session.aspx"
"195","https://www.imo.org/en/MediaCentre/PressBriefings/Pages/30-SG-election.aspx"
"196","https://www.imo.org/en/MediaCentre/PressBriefings/Pages/16-msc-preview.aspx"
"197","https://www.imo.org/en/MediaCentre/IMOMediaAccreditation/Pages/Assembly-31-.aspx"
"198","https://www.imo.org/en/MediaCentre/PressBriefings/Pages/31-GIWCAFconference.aspx"
"199","https://www.imo.org/en/MediaCentre/PressBriefings/Pages/60-bravery-2011.aspx"
"200","https://www.imo.org/en/MediaCentre/SecretaryGeneral/Pages/MEPC-75-opening.aspx"
"201","https://www.imo.org/en/MediaCentre/PressBriefings/Pages/4-DCOC-widened.aspx"
"202","https://www.imo.org/en/MediaCentre/PressBriefings/Pages/23-InternationalMaritimePrizeOlsen.aspx"
"203","https://www.imo.org/en/MediaCentre/MeetingSummaries/Pages/LCLP-default.aspx"
"204","https://www.imo.org/en/MediaCentre/PressBriefings/Pages/30-International-Maritime-Prize-Jo-Angelo.aspx"
"205","https://www.imo.org/en/MediaCentre/PressBriefings/Pages/12-WCO-IMO-statement.aspx"
"206","https://www.imo.org/en/MediaCentre/MeetingSummaries/Pages/MSC-97th-session.aspx"
"207","https://www.imo.org/en/MediaCentre/MeetingSummaries/SDC"
"208","https://www.imo.org/en/MediaCentre/MeetingSummaries/Assembly"
"209","https://www.imo.org/en/MediaCentre/PressBriefings/Pages/09-Bangladesh-SENSREC-.aspx"
"210","https://www.imo.org/en/MediaCentre/IMOMediaAccreditation/Pages/MEPC-70.aspx"
"211","https://www.imo.org/en/mediacentre/pressbriefings/pages/50-stcw-f-.aspx"
"212","https://www.imo.org/en/MediaCentre/PressBriefings/Pages/15-crew-changes-.aspx"
"213","https://www.imo.org/en/MediaCentre/PressBriefings/Pages/23-glomeep-guides.aspx"
"214","https://www.imo.org/en/MediaCentre/PressBriefings/Pages/03-SpainCapeTown.aspx"
"215","https://www.imo.org/en/MediaCentre/Pages/WhatsNew-1534.aspx"
"216","https://www.imo.org/en/MediaCentre/Pages/WhatsNew-1549.aspx"
"217","https://www.imo.org/en/MediaCentre/IMOMediaAccreditation/Pages/MoreDetails.aspx"
"218","https://www.imo.org/en/MediaCentre/Pages/WhatsNew-1592.aspx"
"219","https://www.imo.org/en/MediaCentre/PressBriefings/Pages/24-sulphur-2020-symposium.aspx"
"220","https://www.imo.org/en/MediaCentre/PressBriefings/Pages/10-Indonesia-president.aspx"
"221","https://www.imo.org/en/MediaCentre/PressBriefings/Pages/45-SOLAS-eif-.aspx"
"222","https://www.imo.org/en/MediaCentre/PressBriefings/Pages/09-video-launch-global-problem-local-actions.aspx"
"223","https://www.imo.org/en/MediaCentre/IMOMediaAccreditation/Pages/MSC-97-media-info.aspx"
"224","https://www.imo.org/en/MediaCentre/PressBriefings/Pages/02-EBRD-IMO-MOU.aspx"
"225","https://www.imo.org/en/MediaCentre/PressBriefings/Pages/28-icao-imo--wco-.aspx"
"226","https://www.imo.org/en/MediaCentre/PressBriefings/Pages/57-amendments-01012016.aspx"
"227","https://www.imo.org/en/MediaCentre/PressBriefings/Pages/50-prize-mensah-.aspx"
"228","https://www.imo.org/en/MediaCentre/PressBriefings/Pages/25-SENSRECphaseII.aspx"
"229","https://www.imo.org/en/MediaCentre/PressBriefings/Pages/33-council-110-prize.aspx"
"230","https://www.imo.org/en/MediaCentre/PressBriefings/Pages/21-council112wmdtheme.aspx"
"231","https://www.imo.org/en/MediaCentre/PressBriefings/Pages/56-bwm.aspx"
"232","https://www.imo.org/en/MediaCentre/PressBriefings/Pages/01-FALConvention.aspx"
"233","https://www.imo.org/en/MediaCentre/PressBriefings/Pages/29-WMU-30th.aspx"
"234","https://www.imo.org/en/MediaCentre/PressBriefings/Pages/03-WMU-visit.aspx"
"235","https://www.imo.org/en/MediaCentre/SecretaryGeneral/Pages/GOG-statement.aspx"
"236","https://www.imo.org/en/MediaCentre/PressBriefings/Pages/52-maritime-prize-mitropoulos.aspx"
"237","https://www.imo.org/en/MediaCentre/MeetingSummaries/Pages/MSC-102nd-session.aspx"
"238","https://www.imo.org/en/MediaCentre/PressBriefings/Pages/26-GOC-report.aspx"
"239","https://www.imo.org/en/MediaCentre/PressBriefings/Pages/23-WMD-2017.aspx"
"240","https://www.imo.org/en/MediaCentre/MeetingSummaries/MEPC"
"241","https://www.imo.org/en/MediaCentre/PressBriefings/Pages/04-marinegeoengineeringGESAMP.aspx"
"242","https://www.imo.org/en/MediaCentre/MeetingSummaries/TC"
"243","https://www.imo.org/en/MediaCentre/MeetingSummaries/Pages/III-6th-Session.aspx"
"244","https://www.imo.org/en/MediaCentre/PressBriefings/Pages/52-council-election-.aspx"
"245","https://www.imo.org/en/MediaCentre/SecretaryGeneral/Pages/Digitalization-Maritime-Perspectives.aspx"
"246","https://www.imo.org/en/MediaCentre/PressBriefings/Pages/49-IMO-Assembly-29-opens.aspx"
"247","https://www.imo.org/en/MediaCentre/MeetingSummaries/Pages/BLG-14th-Session.aspx"
"248","https://www.imo.org/en/MediaCentre/HotTopics/Pages/SustainableDevelopmentGoals.aspx"
"249","https://www.imo.org/en/MediaCentre/PressBriefings/Pages/33-IMP-KS.aspx"
"250","https://www.imo.org/en/MediaCentre/Pages/WhatsNew-1596.aspx"
"251","https://www.imo.org/en/MediaCentre/SecretaryGeneral/Pages/ArchiveSpeechesByTheSecretaryGeneral.aspx"
"252","https://www.imo.org/en/MediaCentre/HotTopics/Pages/seamigration-default.aspx"
"253","https://www.imo.org/en/MediaCentre/MeetingSummaries/Pages/CCC-3rd-session.aspx"
"254","https://www.imo.org/en/MediaCentre/SecretaryGeneral/Pages/ISWG-GHG3opening.aspx"
"255","https://www.imo.org/en/MediaCentre/PressBriefings/Pages/38-bravery2014.aspx"
"256","https://www.imo.org/en/MediaCentre/PressBriefings/Pages/16-DOTSphotocompetitionwinner.aspx"
"257","https://www.imo.org/en/MediaCentre/PressBriefings/Pages/12-UNSC-GOG.aspx"
"258","https://www.imo.org/en/MediaCentre/PressBriefings/Pages/55-paris-agreement.aspx"
"259","https://www.imo.org/en/MediaCentre/MeetingSummaries/Pages/C-ES-32.aspx"
"260","https://www.imo.org/en/MediaCentre/MeetingSummaries/Pages/MEPC-61st-Session.aspx"
"261","https://www.imo.org/en/MediaCentre/SecretaryGeneral/Pages/Germany-Maritime-2017.aspx"
"262","https://www.imo.org/en/MediaCentre/PressBriefings/Pages/18-braverypilots.aspx"
"263","https://www.imo.org/en/MediaCentre/PressBriefings/Pages/20-council112prize.aspx"
"264","https://www.imo.org/en/MediaCentre/PressBriefings/Pages/04-wmd-launch-2014-.aspx"
"265","https://www.imo.org/en/MediaCentre/PressBriefings/Pages/20-WMD-theme-2017.aspx"
"266","https://www.imo.org/en/MediaCentre/PressBriefings/Pages/37-MSC-94-preview.aspx"
"267","https://www.imo.org/en/MediaCentre/MeetingSummaries/Pages/2nd-video-meeting-PSC-regimes.aspx"
"268","https://www.imo.org/en/MediaCentre/PressBriefings/Pages/09-SG--candidates.aspx"
"269","https://www.imo.org/en/MediaCentre/MeetingSummaries/Pages/PPR-4th-Session-(global-sulphur-limit-implementation).aspx"
"270","https://www.imo.org/en/MediaCentre/PressBriefings/pages/45-Human-Rights-Day.aspx?fbclid=IwAR0TYqaSrNN5Fc9dcAHUkBEMZsODAjzONnFdcLpDeAbB4wgH76bqLLsgSnQ"
"271","https://www.imo.org/en/MediaCentre/MeetingSummaries/Pages/Assembly-31st-session.aspx"
"272","https://www.imo.org/en/MediaCentre/SecretaryGeneral/Pages/IMPA-Congress2016.aspx"
"273","https://www.imo.org/en/MediaCentre/MeetingSummaries/Pages/MSC-96th-session.aspx"
"274","https://www.imo.org/en/MediaCentre/PressBriefings/Pages/22%20MSC%2095%20preview.aspx"
"275","https://www.imo.org/en/MediaCentre/MeetingSummaries/Pages/LEG-96th-Session.aspx"
"276","https://www.imo.org/en/MediaCentre/PressBriefings/Pages/07-EU-ACP-IMO.aspx"
"277","https://www.imo.org/en/MediaCentre/SecretaryGeneral/Pages/Diplomatic-Conference-to-amend-the-STCW-Convention-and-STCW-Code,-Manila,-21--25-June-2010-.aspx"
"278","https://www.imo.org/en/MediaCentre/MeetingSummaries/Pages/PPR-2.aspx"
"279","https://www.imo.org/en/MediaCentre/PressBriefings/Pages/08-MTCC-Africa-.aspx"
"280","https://www.imo.org/en/MediaCentre/MeetingSummaries/Pages/council-108.aspx"
"281","https://www.imo.org/en/MediaCentre/PressBriefings/Pages/20-AMSA-TC.aspx"
"282","https://www.imo.org/en/MediaCentre/PressBriefings/Pages/32-Council-elections-A31.aspx"
"283","https://www.imo.org/en/MediaCentre/Pages/WhatsNew-1584.aspx"
"284","https://www.imo.org/en/MediaCentre/PressBriefings/Pages/18-DCOCmeeting.aspx"
"285","https://www.imo.org/en/MediaCentre/PressBriefings/Pages/42-migrants.aspx"
"286","https://www.imo.org/en/MediaCentre/MeetingSummaries/MSC"
"287","https://www.imo.org/en/MediaCentre/PressBriefings/Pages/06-BWM-.aspx"
"288","https://www.imo.org/en/MediaCentre/Pages/WhatsNew-1556.aspx"
"289","https://www.imo.org/en/MediaCentre/SecretaryGeneral/Pages/ENAVunderway2019.aspx"
"290","https://www.imo.org/en/MediaCentre/SecretaryGeneral/Pages/Secretary-GeneralsSpeechesToMeetings.aspx"
"291","https://www.imo.org/en/MediaCentre/PressBriefings/Pages/Migrant-hold-deaths.aspx"
"292","https://www.imo.org/en/MediaCentre/PressBriefings/Pages/10-zambia.aspx"
"293","https://www.imo.org/en/MediaCentre/PressBriefings/Pages/05IMO70.aspx"
"294","https://www.imo.org/en/MediaCentre/PressBriefings/Pages/47-WMD-theme-2016-.aspx"
"295","https://www.imo.org/en/MediaCentre/HotTopics/Pages/Free-flow-of-trade-by-ship.aspx"
"296","https://www.imo.org/en/MediaCentre/MeetingSummaries/Pages/SSE-6th-session.aspx"
"297","https://www.imo.org/en/MediaCentre/MeetingSummaries/Pages/CCC-4th-session.aspx"
"298","https://www.imo.org/en/MediaCentre/MeetingSummaries/Pages/LEG-97th-Session.aspx"
"299","https://www.imo.org/en/MediaCentre/MeetingSummaries/Pages/NCSR5.aspx"
"300","https://www.imo.org/en/MediaCentre/Pages/B-Roll-IMO.aspx"
"301","https://www.imo.org/en/MediaCentre/HotTopics/Pages/Testimonies-of-stranded-seafarers.aspx"
"302","https://www.imo.org/en/MediaCentre/SecretaryGeneral/Pages/WFUpilotprogramme.aspx"
"303","https://www.imo.org/en/MediaCentre/PressBriefings/Pages/35-Council-Elections-A30.aspx"
"304","https://www.imo.org/en/MediaCentre/PressBriefings/Pages/21-Bravery-Award-2016.aspx"
"305","https://www.imo.org/en/MediaCentre/PressBriefings/Pages/19-international-maritme-prize.aspx"
"306","https://www.imo.org/en/MediaCentre/SecretaryGeneral/Pages/FEDEPILOT-70.aspx"
"307","https://www.imo.org/en/MediaCentre/MeetingSummaries/Pages/IUU-JWG-4.aspx"
"308","https://www.imo.org/en/MediaCentre/MeetingSummaries/Pages/PPR-3rd-Session.aspx"
"309","https://www.imo.org/en/MediaCentre/MeetingSummaries/Pages/DSC-14th-Session.aspx"
"310","https://www.imo.org/en/MediaCentre/MeetingSummaries/Pages/BLG-15th-session.aspx"
"311","https://www.imo.org/en/MediaCentre/MeetingSummaries/Pages/FAL-36th-Session.aspx"
"312","https://www.imo.org/en/MediaCentre/pressbriefings/Pages/46-globaltestnet.aspx?goback=.gde_2268363_member_5798703285447700482"
"313","https://www.imo.org/en/MediaCentre/Pages/WhatsNewArchives.aspx"
"314","https://www.imo.org/en/MediaCentre/PressBriefings/Pages/05-stcw-circ.aspx"
"315","https://www.imo.org/en/MediaCentre/SecretaryGeneral/Pages/UNCLOS30.aspx"
"316","https://www.imo.org/en/MediaCentre/HotTopics/Pages/Ballast-Water-Management-Video.aspx"
"317","https://www.imo.org/en/MediaCentre/MeetingSummaries/SSE"
"318","https://www.imo.org/en/MediaCentre/Pages/WhatsNew-1562.aspx"
"319","https://www.imo.org/en/MediaCentre/SecretaryGeneral"
"320","https://www.imo.org/en/MediaCentre/MeetingSummaries/HTW"
"321","https://www.imo.org/en/MediaCentre/HotTopics/Pages/marinelitter-default.aspx"
"322","https://www.imo.org/en/MediaCentre/SecretaryGeneral/Pages/PPR-7-opening.aspx"
"323","https://www.imo.org/en/MediaCentre/Pages/WhatsNew-1582.aspx"
"324","https://www.imo.org/en/MediaCentre/PressBriefings/Pages/18-MEPCGHGprogramme.aspx?%25252525255F%25252525255Fhstc=32645665.7ab734f9822a9c3981f04695664b9dc0.1541376000087.1541376000088.1541376000089.1&%25252525255F%25252525255Fhssc=32645665.1.1541376000090&%25252525255F%25252525255Fhsfp=528229161"
"325","https://www.imo.org/en/MediaCentre/PressBriefings/Pages/27-ebolataskforce.aspx"
"326","https://www.imo.org/en/MediaCentre/PressBriefings/Pages/14-MTCC-Pacific.aspx"
"327","https://www.imo.org/en/MediaCentre/MeetingSummaries/Pages/TC-69th-session.aspx"
"328","https://www.imo.org/en/MediaCentre/PressBriefings/Pages/29-WMDPE-Turkey.aspx"
"329","https://www.imo.org/en/MediaCentre/MeetingSummaries/FAL"
"330","https://www.imo.org/en/MediaCentre/PressBriefings/Pages/24-legal-workshop.aspx"
"331","https://www.imo.org/en/MediaCentre/PressBriefings/Pages/28-MEPC-data-collection--.aspx"
"332","https://www.imo.org/en/MediaCentre/MeetingSummaries/Pages/council-109.aspx"
"333","https://www.imo.org/en/MediaCentre/MeetingSummaries/Pages/TC61.aspx"
"334","https://www.imo.org/en/MediaCentre/MeetingSummaries/Pages/HTW-1st-Session.aspx"
"335","https://www.imo.org/en/MediaCentre/PressBriefings/Pages/30-FAL-39.aspx"
"336","https://www.imo.org/en/MediaCentre/HotTopics/Pages/FSO-SAFER-oil-spill-risk.aspx"
"337","https://www.imo.org/en/MediaCentre/MeetingSummaries/Pages/MSC-88.aspx"
"338","https://www.imo.org/en/MediaCentre/PressBriefings/Pages/25-DOTS2012.aspx"
"339","https://www.imo.org/en/MediaCentre/MeetingSummaries/Pages/FAL-43rd-Session.aspx"
"340","https://www.imo.org/en/MediaCentre/MeetingSummaries/Pages/SDC-3.aspx"
"341","https://www.imo.org/en/MediaCentre/MeetingSummaries/Pages/SDC-5.aspx"
"342","https://www.imo.org/en/MediaCentre/MeetingSummaries/Pages/FAL-42nd-Session.aspx"
"343","https://www.imo.org/en/MediaCentre/MeetingSummaries/Pages/MEPC-60th-Session.aspx"
"344","https://www.imo.org/en/MediaCentre/MeetingSummaries/Pages/Council-105.aspx"
"345","https://www.imo.org/en/MediaCentre/HotTopics/Pages/HNS-2010.aspx"
"346","https://www.imo.org/en/MediaCentre/MeetingSummaries/Pages/Council-117.aspx"
"347","https://www.imo.org/en/MediaCentre/MeetingSummaries/Pages/MEPC-64th-session.aspx"
"348","https://www.imo.org/en/MediaCentre/MeetingSummaries/Pages/Third-PSC-meeting.aspx"
"349","https://www.imo.org/en/MediaCentre/PressBriefings/Pages/42-Sekimizustatement.aspx"
"350","https://www.imo.org/en/MediaCentre/MeetingSummaries/Pages/TC-65th-session.aspx"
"351","https://www.imo.org/en/MediaCentre/MeetingSummaries/Pages/FAL-40th-session.aspx"
"352","https://www.imo.org/en/MediaCentre/MeetingSummaries/Pages/SDC-4.aspx"
"353","https://www.imo.org/en/MediaCentre/MeetingSummaries/Pages/STW-44th-session.aspx"
"354","https://www.imo.org/en/MediaCentre/MeetingSummaries/Pages/MSC-89th-session.aspx"
"355","https://www.imo.org/en/MediaCentre/PressBriefings/Pages/17--world-maritime-theme-for-2020.aspx"
"356","https://www.imo.org/en/MediaCentre/Pages/WhatsNew-1576.aspx"
"357","https://www.imo.org/en/MediaCentre/HotTopics/BWM"
"358","https://www.imo.org/en/MediaCentre/PressBriefings/Pages/54-wildlife.aspx"
"359","https://www.imo.org/en/MediaCentre/SecretaryGeneral/Pages/PPR6opening.aspx"
"360","https://www.imo.org/en/MediaCentre/SecretaryGeneral/Pages/IMO-Symposium-on-alternative-fuels.aspx"
"361","https://www.imo.org/en/MediaCentre/Pages/WhatsNew-457.aspx"
"362","https://www.imo.org/en/MediaCentre/SecretaryGeneral/Pages/Interspill2018.aspx"
"363","https://www.imo.org/en/MediaCentre/SecretaryGeneral/Pages/Asian-Logistics,-Maritime-and-Aviation-Conference-(ALMAC).aspx"
"364","https://www.imo.org/en/MediaCentre/MeetingSummaries/Pages/Briefing-to-permanent-representatives.aspx"
"365","https://www.imo.org/en/MediaCentre/SecretaryGeneral/Pages/modelUN.aspx"
"366","https://www.imo.org/en/MediaCentre/HotTopics/Pages/oceans-default.aspx"
"367","https://www.imo.org/en/MediaCentre/Pages/WhatsNew.aspx?page=2"
"368","https://www.imo.org/en/MediaCentre/SecretaryGeneral/Pages/III-3-opening.aspx"
"369","https://www.imo.org/en/MediaCentre/PressBriefings/Pages/27-mozambiqueDCOC.aspx"
"370","https://www.imo.org/en/MediaCentre/MeetingSummaries/Pages/CCC-5-5th-session.aspx"
"371","https://www.imo.org/en/MediaCentre/PressBriefings/Pages/15-glomeep-trainthetrainer.aspx"
"372","https://www.imo.org/en/MediaCentre/PressBriefings/Pages/10-DOTS-2018.aspx"
"373","https://www.imo.org/en/MediaCentre/MeetingSummaries/Pages/COMSAR-15th-session.aspx"
"374","https://www.imo.org/en/MediaCentre/MeetingSummaries/Pages/Assembly-29th-session.aspx"
"375","https://www.imo.org/en/MediaCentre/MeetingSummaries/Pages/LC-41-LP-14-.aspx"
"376","https://www.imo.org/en/MediaCentre/MeetingSummaries/Pages/council112.aspx"
"377","https://www.imo.org/en/MediaCentre/MeetingSummaries/Pages/LEG-104th-session.aspx"
"378","https://www.imo.org/en/MediaCentre/PressBriefings/Pages/15-IMLI25.aspx"
"379","https://www.imo.org/en/MediaCentre/MeetingSummaries/Pages/PPR-1st-Session.aspx"
"380","https://www.imo.org/en/MediaCentre/MeetingSummaries/Pages/FSI-17th-Session.aspx"
"381","https://www.imo.org/en/MediaCentre/MeetingSummaries/Pages/MEPC-63rd-session.aspx"
"382","https://www.imo.org/en/MediaCentre/MeetingSummaries/Pages/LC-39-LP-12.aspx"
"383","https://www.imo.org/en/MediaCentre/MeetingSummaries/Pages/LEG-103rd-session.aspx"
"384","https://www.imo.org/en/MediaCentre/PressBriefings/Pages/32-bravery-2015-council.aspx"
"385","https://www.imo.org/en/MediaCentre/MeetingSummaries/Pages/Council-116.aspx"
"386","https://www.imo.org/en/MediaCentre/MeetingSummaries/Pages/LC-38-LP-11.aspx"
"387","https://www.imo.org/en/MediaCentre/MeetingSummaries/Pages/MEPC-72nd-session.aspx"
"388","https://www.imo.org/en/MediaCentre/MeetingSummaries/Pages/ALCOM-2020.aspx"
"389","https://www.imo.org/en/MediaCentre/PressBriefings/Pages/06-coral-sea-routeing.aspx"
"390","https://www.imo.org/en/MediaCentre/MeetingSummaries/Pages/Assembly-27th-session.aspx"
"391","https://www.imo.org/en/MediaCentre/SecretaryGeneral/Pages/LISW--ICS-Setting-the-course-for-2050-Powering-the-global-trade.aspx"
"392","https://www.imo.org/en/MediaCentre/MeetingSummaries/Pages/FSI-19th-session.aspx"
"393","https://www.imo.org/en/MediaCentre/MeetingSummaries/Pages/LEG-100th-session.aspx"
"394","https://www.imo.org/en/MediaCentre/MeetingSummaries/Pages/council-107.aspx"
"395","https://www.imo.org/en/MediaCentre/PressBriefings/Pages/04-Covid-19-IMO-meetings-.aspx"
"396","https://www.imo.org/en/MediaCentre/MeetingSummaries/Pages/SLF-55th-session.aspx"
"397","https://www.imo.org/en/MediaCentre/SecretaryGeneral/Pages/Sustainable-Blue-Economy-conference---Sub-theme---Smart-Shipping,-Ports,-Transportation-and-Global-Connectivity.aspx"
"398","https://www.imo.org/en/MediaCentre/PressBriefings/Pages/35-glomeep-signing.aspx"
"399","https://www.imo.org/en/MediaCentre/MeetingSummaries/Pages/NCSR-1st-Session.aspx"
"400","https://www.imo.org/en/MediaCentre/PressBriefings/Pages/36-WMD-morocco.aspx"
"401","https://www.imo.org/en/MediaCentre/Pages/WhatsNew-1498.aspx"
"402","https://www.imo.org/en/MediaCentre/Pages/WhatsNew-1571.aspx"
"403","https://www.imo.org/en/MediaCentre/MeetingSummaries/Pages/TC-66th-session.aspx"
"404","https://www.imo.org/en/MediaCentre/SecretaryGeneral/Pages/Capital-Link-2020-Keynote.aspx"
"405","https://www.imo.org/en/MediaCentre/Pages/WhatsNew.aspx?page=3"
"406","https://www.imo.org/en/MediaCentre/MeetingSummaries/Pages/HTW-4th-session.aspx"
"407","https://www.imo.org/en/MediaCentre/MeetingSummaries/Pages/MSC-98th-session.aspx"
"408","https://www.imo.org/en/MediaCentre/MeetingSummaries/Pages/BLG-17th-session.aspx"
"409","https://www.imo.org/en/MediaCentre/MeetingSummaries/Pages/III-2nd-Session.aspx"
"410","https://www.imo.org/en/MediaCentre/SecretaryGeneral/Pages/WMU-2016-graduation.aspx"
"411","https://www.imo.org/en/MediaCentre/PressBriefings/Pages/35-ebola.aspx"
"412","https://www.imo.org/en/MediaCentre/PressBriefings/Pages/12-DOTS-2019-.aspx"
"413","https://www.imo.org/en/MediaCentre/MeetingSummaries/Pages/LC-36-LP-9.aspx"
"414","https://www.imo.org/en/MediaCentre/MeetingSummaries/Pages/TC-59th-Session.aspx"
"415","https://www.imo.org/en/MediaCentre/MeetingSummaries/Pages/FSI-20th-session.aspx"
"416","https://www.imo.org/en/MediaCentre/MeetingSummaries/Pages/MEPC-69th-session.aspx"
"417","https://www.imo.org/en/MediaCentre/Pages/WhatsNew-1461.aspx"
"418","https://www.imo.org/en/MediaCentre/Pages/WhatsNew-1591.aspx"
"419","https://www.imo.org/en/MediaCentre/Pages/WhatsNew-1572.aspx"
"420","https://www.imo.org/en/MediaCentre/Pages/WhatsNew-1500.aspx"
"421","https://www.imo.org/en/MediaCentre/HotTopics/Pages/container-default.aspx"
"422","https://www.imo.org/en/MediaCentre/PressBriefings/Pages/44-ECA-sulphur.aspx"
"423","https://www.imo.org/en/MediaCentre/Pages/WhatsNew-1560.aspx"
"424","https://www.imo.org/en/MediaCentre/SecretaryGeneral/Pages/HTW-6-opening.aspx"
"425","https://www.imo.org/en/MediaCentre/Pages/WhatsNew-1496.aspx"
"426","https://www.imo.org/en/MediaCentre/SecretaryGeneral/Pages/IALAconf2018.aspx"
"427","https://www.imo.org/en/MediaCentre/SecretaryGeneral/Pages/specialportsevent2018.aspx"
"428","https://www.imo.org/en/MediaCentre/Pages/WhatsNewArchive-2015.aspx"
"429","https://www.imo.org/en/MediaCentre/PressBriefings/Pages/07-shiparc2015.aspx"
"430","https://www.imo.org/en/MediaCentre/SecretaryGeneral/Pages/crew-summit-.aspx"
"431","https://www.imo.org/en/MediaCentre/MeetingSummaries/Pages/HTW-3rd-Session.aspx"
"432","https://www.imo.org/en/MediaCentre/PressBriefings/Pages/22-DOTS-call-to-action.aspx"
"433","https://www.imo.org/en/MediaCentre/MeetingSummaries/Pages/DE-54th-Session.aspx"
"434","https://www.imo.org/en/MediaCentre/PressBriefings/Pages/09-stowaways.aspx"
"435","https://www.imo.org/en/MediaCentre/SecretaryGeneral/Pages/chileplaque.aspx"
"436","http://www.imo.org/en/MediaCentre/PressBriefings/Pages/28-eca.aspx"
"437","https://www.imo.org/en/MediaCentre/PressBriefings/Pages/14-SouthafricasignsDCOC.aspx"
"438","https://www.imo.org/en/MediaCentre/SecretaryGeneral/Pages/LEG103closing.aspx"
"439","https://www.imo.org/en/MediaCentre/MeetingSummaries/Pages/TC-70th-session.aspx"
"440","https://www.imo.org/en/MediaCentre/SecretaryGeneral/Pages/LEG-107-opening.aspx"
"441","https://www.imo.org/en/MediaCentre/MeetingSummaries/Pages/FP-56.aspx"
"442","https://www.imo.org/en/MediaCentre/MeetingSummaries/Pages/SSE-3rd-session.aspx"
"443","https://www.imo.org/en/MediaCentre/SecretaryGeneral/Pages/TokyoMOU2017.aspx"
"444","https://www.imo.org/en/MediaCentre/MeetingSummaries/Pages/III-1.aspx"
"445","https://www.imo.org/en/MediaCentre/MeetingSummaries/Pages/FAL-38th-session-.aspx"
"446","https://www.imo.org/en/MediaCentre/MeetingSummaries/Pages/STW-42.aspx"
"447","https://www.imo.org/en/MediaCentre/MeetingSummaries/Pages/NAV-56.aspx"
"448","https://www.imo.org/en/MediaCentre/MeetingSummaries/Pages/FAL-39th-session.aspx"
"449","https://www.imo.org/en/MediaCentre/MeetingSummaries/Pages/MSC-100th-session.aspx"
"450","https://www.imo.org/en/MediaCentre/SecretaryGeneral/Pages/WMD-symposium.aspx"
"451","https://www.imo.org/en/MediaCentre/SecretaryGeneral/Pages/MEPC-74-closing.aspx"
"452","https://www.imo.org/en/MediaCentre/MeetingSummaries/Pages/Assembly-26th-Session-Resolutions.aspx"
"453","https://www.imo.org/en/MediaCentre/MeetingSummaries/Pages/NCSR-2nd-Session.aspx"
"454","https://www.imo.org/en/MediaCentre/SecretaryGeneral/Pages/Arctic-Council-2017.aspx"
"455","https://www.imo.org/en/MediaCentre/MeetingSummaries/Pages/LEG-105th-session.aspx"
"456","https://www.imo.org/en/MediaCentre/MeetingSummaries/Pages/TC62.aspx"
"457","https://www.imo.org/en/MediaCentre/MeetingSummaries/Pages/LEG-99th-session.aspx"
"458","https://www.imo.org/en/MediaCentre/MeetingSummaries/Pages/III-4th-Session.aspx"
"459","https://www.imo.org/en/MediaCentre/MeetingSummaries/Pages/Council-114th-session.aspx"
"460","https://www.imo.org/en/MediaCentre/Pages/WhatsNew-1568.aspx"
"461","https://www.imo.org/en/MediaCentre/Pages/WhatsNew-1326.aspx"
"462","https://www.imo.org/en/MediaCentre/Pages/WhatsNew-1085.aspx"
"463","https://www.imo.org/en/MediaCentre/Pages/WhatsNew-1518.aspx"
"464","https://www.imo.org/en/MediaCentre/Pages/WhatsNew-1495.aspx"
"465","https://www.imo.org/en/MediaCentre/Pages/WhatsNew-72.aspx"
"466","https://www.imo.org/en/MediaCentre/Pages/WhatsNew-354.aspx"
"467","https://www.imo.org/en/MediaCentre/Pages/WhatsNew-1567.aspx"
"468","https://www.imo.org/en/MediaCentre/Pages/WhatsNew-1464.aspx"
"469","https://www.imo.org/en/MediaCentre/Pages/WhatsNew-965.aspx"
"470","https://www.imo.org/en/MediaCentre/Pages/WhatsNew-1186.aspx"
"471","https://www.imo.org/en/MediaCentre/SecretaryGeneral/Pages/IMLI-30th-Anniversary-event-.aspx"
"472","https://www.imo.org/en/MediaCentre/MeetingSummaries/Pages/FP-54th-Session.aspx"
"473","https://www.imo.org/en/MediaCentre/MeetingSummaries/Pages/C-ES-30-.aspx"
"474","https://www.imo.org/en/MediaCentre/PressBriefings/Pages/12-SG-migrants-.aspx"
"475","https://www.imo.org/en/MediaCentre/SecretaryGeneral/Pages/FAL-43-opening-.aspx"
"476","https://www.imo.org/en/MediaCentre/Pages/WhatsNewArchive-2017.aspx?page=26"
"477","https://www.imo.org/en/MediaCentre/Pages/WhatsNewArchive-2018.aspx"
"478","https://www.imo.org/en/MediaCentre/SecretaryGeneral/Pages/MEPC-75-closing.aspx"
"479","https://www.imo.org/en/MediaCentre/MeetingSummaries/Pages/COMSAR-13th-Session.aspx"
"480","https://www.imo.org/en/MediaCentre/SecretaryGeneral/Pages/migrantsclosing.aspx"
"481","https://www.imo.org/en/MediaCentre/Pages/WhatsNewArchive-2018.aspx?page=24"
"482","https://www.imo.org/en/MediaCentre/MeetingSummaries/Pages/MSC-94th-session.aspx"
"483","https://www.imo.org/en/MediaCentre/SecretaryGeneral/Pages/TC-67-closing.aspx"
"484","https://www.imo.org/en/MediaCentre/HotTopics/Pages/Sulphur-2020.aspx?mod=article_inline"
"485","https://www.imo.org/en/MediaCentre/MeetingSummaries/Pages/PPR-6th-Session.aspx"
"486","https://www.imo.org/en/MediaCentre/MeetingSummaries/Pages/NAV-59.aspx"
"487","https://www.imo.org/en/MediaCentre/SecretaryGeneral/Pages/AASMTgraduation2018.aspx"
"488","https://www.imo.org/en/MediaCentre/MeetingSummaries/Pages/Council---104th-session-7---11-June-2010-.aspx"
"489","https://www.imo.org/en/MediaCentre/SecretaryGeneral/Pages/TC-70-opening.aspx"
"490","https://www.imo.org/en/MediaCentre/SecretaryGeneral/Pages/TC-67-opening-.aspx"
"491","https://www.imo.org/en/MediaCentre/MeetingSummaries/Pages/Council.,-121st-session,-19-23-November-2018.aspx"
"492","https://www.imo.org/en/MediaCentre/MeetingSummaries/Pages/MEPC-65.aspx"
"493","https://www.imo.org/en/MediaCentre/MeetingSummaries/Pages/Council-113.aspx"
"494","https://www.imo.org/en/MediaCentre/MeetingSummaries/Pages/MEPC-73rd-session.aspx"
"495","https://www.imo.org/en/MediaCentre/MeetingSummaries/Pages/COMSAR-16th-session.aspx"
"496","https://www.imo.org/en/MediaCentre/MeetingSummaries/Pages/DE-56th-session.aspx"
"497","https://www.imo.org/en/MediaCentre/Pages/WhatsNew-1488.aspx"
"498","https://www.imo.org/en/MediaCentre/Pages/WhatsNew-236.aspx"
"499","https://www.imo.org/en/MediaCentre/Pages/WhatsNew-222.aspx"
"500","https://www.imo.org/en/MediaCentre/Pages/WhatsNew-1510.aspx"
"501","https://www.imo.org/en/MediaCentre/Pages/WhatsNew-1520.aspx"
"502","https://www.imo.org/en/MediaCentre/Pages/WhatsNew-1433.aspx"
"503","https://www.imo.org/en/MediaCentre/MeetingSummaries/Pages/SDC-1-.aspx"
"504","https://www.imo.org/en/MediaCentre/Pages/WhatsNew-1460.aspx"
"505","https://www.imo.org/en/MediaCentre/SecretaryGeneral/Pages/dubaipiracystatement.aspx"
"506","https://www.imo.org/en/MediaCentre/SecretaryGeneral/Pages/TC-66-opening.aspx"
"507","https://www.imo.org/en/MediaCentre/MeetingSummaries/Pages/STW-40th-Session.aspx"
"508","https://www.imo.org/en/MediaCentre/Pages/WhatsNew-1559.aspx"
"509","https://www.imo.org/en/MediaCentre/SecretaryGeneral/Pages/SeatradeAwards2018.aspx"
"510","https://www.imo.org/en/MediaCentre/MeetingSummaries/Pages/DE-57th-session.aspx"
"511","https://www.imo.org/en/MediaCentre/Pages/WhatsNew-1569.aspx"
"512","https://www.imo.org/en/MediaCentre/Pages/WhatsNewArchive-2016.aspx"
"513","https://www.imo.org/en/MediaCentre/PressBriefings/Pages/New-ship-safety-rule-to-prevent-loss-of-containers-enters-into-force.aspx"
"514","https://www.imo.org/en/MediaCentre/SecretaryGeneral/Pages/TCC-63-CLOSING-.aspx"
"515","https://www.imo.org/en/MediaCentre/SecretaryGeneral/Pages/tcc64closing.aspx"
"516","https://www.imo.org/en/MediaCentre/SecretaryGeneral/Pages/2020-and-alternative-fuels-symposium-.aspx"
"517","https://www.imo.org/en/MediaCentre/MeetingSummaries/Pages/SSE-4th-session.aspx"
"518","https://www.imo.org/en/MediaCentre/SecretaryGeneral/Pages/MSC-97-opening.aspx"
"519","https://www.imo.org/en/MediaCentre/SecretaryGeneral/Pages/IMOAwards2017.aspx"
"520","https://www.imo.org/en/MediaCentre/MeetingSummaries/Pages/Assembly-28.aspx"
"521","https://www.imo.org/en/MediaCentre/SecretaryGeneral/Pages/MEPC-74--(opening).aspx"
"522","https://www.imo.org/en/MediaCentre/MeetingSummaries/Pages/TC-68th-session.aspx"
"523","https://www.imo.org/en/MediaCentre/MeetingSummaries/Pages/Council-118.aspx"
"524","http://www.imo.org/en/MediaCentre/PressBriefings/Pages/07-WMD-2017-launch.aspx?%2525252525252525255Fhsenc=p2ANqtz--k-2WhUCPzoMowgW2JkGIodaMudWNB0oKHIRqmfjB-HfjpKWi-fq5yFIZ6VBwk2hrykO9v"
"525","https://www.imo.org/en/MediaCentre/SecretaryGeneral/Pages/TC68closing.aspx"
"526","https://www.imo.org/en/MediaCentre/SecretaryGeneral/Pages/WMDPE-Japan-closing.aspx"
"527","https://www.imo.org/en/MediaCentre/MeetingSummaries/Pages/MSC-92nd-session.aspx"
"528","https://www.imo.org/en/MediaCentre/PressBriefings/Pages/30-cape-town-signing.aspx"
"529","https://www.imo.org/en/MediaCentre/Pages/WhatsNew-261.aspx"
"530","https://www.imo.org/en/MediaCentre/Pages/WhatsNew-1515.aspx"
"531","https://www.imo.org/en/MediaCentre/Pages/WhatsNew-570.aspx"
"532","https://www.imo.org/en/MediaCentre/Pages/WhatsNew-1457.aspx"
"533","https://www.imo.org/en/MediaCentre/Pages/WhatsNew-1506.aspx"
"534","https://www.imo.org/en/MediaCentre/Pages/WhatsNew-1493.aspx"
"535","https://www.imo.org/en/MediaCentre/Pages/WhatsNew-520.aspx"
"536","https://www.imo.org/en/MediaCentre/Pages/WhatsNew-1509.aspx"
"537","https://www.imo.org/en/MediaCentre/SecretaryGeneral/Pages/IMLIgraduation2018.aspx"
"538","https://www.imo.org/en/MediaCentre/Pages/WhatsNew-1497.aspx"
"539","https://www.imo.org/en/MediaCentre/Pages/WhatsNew-1466.aspx"
"540","https://www.imo.org/en/MediaCentre/Pages/WhatsNewArchive-2014.aspx"
"541","https://www.imo.org/en/MediaCentre/Pages/WhatsNewArchive-2017.aspx?page=24"
"542","https://www.imo.org/en/MediaCentre/SecretaryGeneral/Pages/IALA-prepcom-2017.aspx"
"543","https://www.imo.org/en/MediaCentre/MeetingSummaries/Pages/MSC-91.aspx"
"544","https://www.imo.org/en/MediaCentre/MeetingSummaries/Pages/FSI-21st-session.aspx"
"545","https://www.imo.org/en/MediaCentre/SecretaryGeneral/Pages/ship-recycling-seminar-2019.aspx"
"546","https://www.imo.org/en/MediaCentre/SecretaryGeneral/Pages/MEPC-69-CLOSING.aspx"
"547","https://www.imo.org/en/MediaCentre/SecretaryGeneral/Pages/ICSW-awards2012.aspx"
"548","https://www.imo.org/en/MediaCentre/SecretaryGeneral/Pages/ECSA2016.aspx"
"549","https://www.imo.org/en/MediaCentre/MeetingSummaries/Pages/Council-110.aspx"
"550","http://www.imo.org/en/MediaCentre/PressBriefings/Pages/34-DOTS.aspx"
"551","https://www.imo.org/en/MediaCentre/MeetingSummaries/Pages/MEPC-67th-session.aspx"
"552","https://www.imo.org/en/MediaCentre/SecretaryGeneral/Pages/LC40.aspx"
"553","https://www.imo.org/en/MediaCentre/SecretaryGeneral/Pages/MEPC-70-closing.aspx"
"554","https://www.imo.org/en/MediaCentre/MeetingSummaries/Pages/NAV-55th-session.aspx"
"555","https://www.imo.org/en/MediaCentre/Pages/WhatsNew-1065.aspx"
"556","https://www.imo.org/en/MediaCentre/Pages/WhatsNew-1167.aspx"
"557","https://www.imo.org/en/MediaCentre/PressBriefings/Pages/15-IMO-Council-condemns-tanker-attacks.aspx"
"558","https://www.imo.org/en/MediaCentre/Pages/WhatsNew-1523.aspx"
"559","https://www.imo.org/en/MediaCentre/SecretaryGeneral/Pages/LEG-100.aspx"
"560","https://www.imo.org/en/MediaCentre/Pages/WhatsNew-1450.aspx"
"561","https://www.imo.org/en/MediaCentre/MaritimeNewsMagazine/Pages/MaritimeNewsMagzine2019.aspx"
"562","https://www.imo.org/en/MediaCentre/HotTopics/Pages/MSC-95-session-on-unsafe-mixed-migration-by-sea.aspx"
"563","https://www.imo.org/en/MediaCentre/Pages/WhatsNew-1431.aspx"
"564","https://www.imo.org/en/MediaCentre/SecretaryGeneral/Pages/LEG-101closing.aspx"
"565","https://www.imo.org/en/MediaCentre/SecretaryGeneral/Pages/LISWkeynote.aspx"
"566","https://www.imo.org/en/MediaCentre/MeetingSummaries/Pages/Third-Briefing-to-Permanent-Representatives-and-Liaison-Officers.aspx"
"567","https://www.imo.org/en/MediaCentre/SecretaryGeneral/Pages/Biography.aspx"
"568","http://www.imo.org/en/MediaCentre/MeetingSummaries/III/Pages/III-6th-Session.aspx"
"569","https://www.imo.org/en/MediaCentre/SecretaryGeneral/Pages/Malta-Maritime-2016.aspx"
"570","https://www.imo.org/en/MediaCentre/MeetingSummaries/Pages/Council-123.aspx"
"571","https://www.imo.org/en/MediaCentre/SecretaryGeneral/Pages/LEG-105-opening.aspx"
"572","https://www.imo.org/en/MediaCentre/SecretaryGeneral/Pages/C120closing.aspx"
"573","https://www.imo.org/en/MediaCentre/SecretaryGeneral/Pages/TC68opening.aspx"
"574","https://www.imo.org/en/MediaCentre/Pages/WhatsNewArchive-2018.aspx?page=13"
"575","https://www.imo.org/en/MediaCentre/Pages/WhatsNewArchive-2016.aspx?page=12"
"576","https://www.imo.org/en/MediaCentre/MeetingSummaries/Pages/SLF-51st-Session.aspx"
"577","https://www.imo.org/en/MediaCentre/SecretaryGeneral/Pages/C-122-closing-remarks-.aspx"
"578","https://www.imo.org/en/MediaCentre/SecretaryGeneral/Pages/Facilitation-Committee,-43rd-session-(closing-remarks).aspx"
"579","https://www.imo.org/en/MediaCentre/SecretaryGeneral/Pages/3rd-PSC-meeting.aspx"
"580","https://www.imo.org/en/MediaCentre/SecretaryGeneral/Pages/NCSR-6-opening.aspx"
"581","https://www.imo.org/en/MediaCentre/SecretaryGeneral/Pages/Dubai-Maritime-.aspx"
"582","https://www.imo.org/en/MediaCentre/SecretaryGeneral/Pages/MSC-98-opening.aspx"
"583","https://www.imo.org/en/MediaCentre/SecretaryGeneral/Pages/NCSR-4-opening.aspx"
"584","https://www.imo.org/en/MediaCentre/SecretaryGeneral/Pages/ESW-2020.aspx"
"585","https://www.imo.org/en/MediaCentre/SecretaryGeneral/Pages/panama-maritime-xi.aspx"
"586","https://www.imo.org/en/MediaCentre/SecretaryGeneral/Pages/Dalian-University,-China.aspx"
"587","https://www.imo.org/en/MediaCentre/SecretaryGeneral/Pages/WMU30thMalmo.aspx"
"588","https://www.imo.org/en/MediaCentre/SecretaryGeneral/Pages/norshipping2013.aspx"
"589","https://www.imo.org/en/MediaCentre/MeetingSummaries/Pages/SDC-2.aspx"
"590","https://www.imo.org/en/MediaCentre/HotTopics/Pages/London-Model-United-Nations-Conference.aspx"
"591","https://www.imo.org/en/MediaCentre/MeetingSummaries/Pages/MSC-87th-Session.aspx"
"592","https://www.imo.org/en/MediaCentre/SecretaryGeneral/Pages/Posidonia2018.aspx"
"593","https://www.imo.org/en/MediaCentre/Pages/WhatsNew-1029.aspx"
"594","https://www.imo.org/en/MediaCentre/Pages/WhatsNew-763.aspx"
"595","https://www.imo.org/en/MediaCentre/Pages/WhatsNew-501.aspx"
"596","https://www.imo.org/en/MediaCentre/Pages/WhatsNew-998.aspx"
"597","https://www.imo.org/en/MediaCentre/SecretaryGeneral/Pages/ppr-1-opening.aspx"
"598","https://www.imo.org/en/MediaCentre/MaritimeNewsMagazine/Pages/MaritimeNewsMagzine2018.aspx"
"599","https://www.imo.org/en/MediaCentre/SecretaryGeneral/Pages/Georgia-International-Maritime-Forum-(closing-remarks),-Georgia-.aspx"
"600","https://www.imo.org/en/MediaCentre/SecretaryGeneral/Pages/oecdportcities.aspx"
"601","https://www.imo.org/en/MediaCentre/SecretaryGeneral/Pages/highlevelmeetingseamigration.aspx"
"602","https://www.imo.org/en/MediaCentre/Pages/WhatsNewArchive-2017.aspx?page=10"
"603","https://www.imo.org/en/MediaCentre/SecretaryGeneral/Pages/yeosudeclaration.aspx"
"604","https://www.imo.org/en/MediaCentre/SecretaryGeneral/Pages/IHMA2018.aspx"
"605","https://www.imo.org/en/MediaCentre/Pages/WhatsNewArchive-2017.aspx?page=11"
"606","https://www.imo.org/en/MediaCentre/Pages/WhatsNewArchive-2017.aspx?page=27"
"607","http://www.imo.org/en/MediaCentre/PressBriefings/Pages/40-WMD.aspx"
"608","https://www.imo.org/en/MediaCentre/SecretaryGeneral/Pages/ICSconf2017.aspx"
"609","https://www.imo.org/en/MediaCentre/Pages/WhatsNewArchive-2015.aspx?page=11"
"610","https://www.imo.org/en/MediaCentre/Pages/WhatsNewArchive-2015.aspx?page=29"
"611","https://www.imo.org/en/MediaCentre/SecretaryGeneral/Pages/ICS2012.aspx"
"612","https://www.imo.org/en/MediaCentre/SecretaryGeneral/Pages/REMPEC-40.aspx"
"613","https://www.imo.org/en/MediaCentre/SecretaryGeneral/Pages/17th-WASD-conference.aspx"
"614","https://www.imo.org/en/MediaCentre/SecretaryGeneral/Pages/IUU-JWG-opening-.aspx"
"615","https://www.imo.org/en/MediaCentre/SecretaryGeneral/Pages/SFV-closing.aspx"
"616","https://www.imo.org/en/MediaCentre/SecretaryGeneral/Pages/symposiumportsecurity.aspx"
"617","https://www.imo.org/en/MediaCentre/MeetingSummaries/Pages/III-5th-Session.aspx"
"618","https://www.imo.org/en/MediaCentre/SecretaryGeneral/Pages/MTCC-Asia-launch.aspx"
"619","https://www.imo.org/en/MediaCentre/SecretaryGeneral/Pages/WMDPE-Turkey-closing.aspx"
"620","https://www.imo.org/en/MediaCentre/SecretaryGeneral/Pages/FAL42opening.aspx"
"621","https://www.imo.org/en/MediaCentre/SecretaryGeneral/Pages/CapitalLinkPosidonia.aspx"
"622","https://www.imo.org/en/MediaCentre/SecretaryGeneral/Pages/mexico2014.aspx"
"623","https://www.imo.org/en/MediaCentre/SecretaryGeneral/Pages/Malta-high-level-March-2017.aspx"
"624","https://www.imo.org/en/MediaCentre/Pages/WhatsNew-477.aspx"
"625","https://www.imo.org/en/MediaCentre/HotTopics/seamigration"
"626","https://www.imo.org/en/MediaCentre/Pages/WhatsNew-273.aspx"
"627","https://www.imo.org/en/MediaCentre/SecretaryGeneral/Pages/International-Conference-on-the-Safety-of-Fishing-Vessels.aspx"
"628","https://www.imo.org/en/MediaCentre/SecretaryGeneral/Pages/Default.aspx?platform=hootsuite"
"629","https://www.imo.org/en/MediaCentre/SecretaryGeneral/Pages/ppr1closing.aspx"
"630","https://www.imo.org/en/MediaCentre/SecretaryGeneral/Pages/IMSOLRIT.aspx"
"631","https://www.imo.org/en/MediaCentre/Pages/WhatsNew-429.aspx"
"632","https://www.imo.org/en/MediaCentre/SecretaryGeneral/Pages/FSI-19.aspx"
"633","https://www.imo.org/en/MediaCentre/SecretaryGeneral/Pages/Sustainable-Blue-Economy-side-event.aspx"
"634","https://www.imo.org/en/MediaCentre/SecretaryGeneral/Pages/GloMeepGIAlaunch.aspx"
"635","https://www.imo.org/en/MediaCentre/SecretaryGeneral/Pages/SSE5opening.aspx"
"636","https://www.imo.org/en/MediaCentre/Pages/WhatsNewArchive-2018.aspx?page=6"
"637","https://www.imo.org/en/MediaCentre/Pages/WhatsNewArchive-2014.aspx?page=9"
"638","https://www.imo.org/en/MediaCentre/SecretaryGeneral/Pages/CCC-1-opening.aspx"
"639","https://www.imo.org/en/MediaCentre/SecretaryGeneral/Pages/CCC-2-opening.aspx"
"640","https://www.imo.org/en/MediaCentre/SecretaryGeneral/Pages/Legal-Committee-97th-session.aspx"
"641","https://www.imo.org/en/MediaCentre/SecretaryGeneral/Pages/Global-Green-Maritime-Forum.aspx"
"642","https://www.imo.org/en/MediaCentre/Pages/WhatsNewArchive-2017.aspx?page=20"
"643","https://www.imo.org/en/MediaCentre/SecretaryGeneral/Pages/ESW-intermodal-supply-chain-.aspx"
"644","https://www.imo.org/en/MediaCentre/Pages/WhatsNewArchive-2017.aspx?page=18"
"645","https://www.imo.org/en/MediaCentre/SecretaryGeneral/Pages/IPTA2019.aspx"
"646","https://www.imo.org/en/MediaCentre/SecretaryGeneral/Pages/SDC1-closing.aspx"
"647","https://www.imo.org/en/MediaCentre/SecretaryGeneral/Pages/ConsularCorpsAbandonment.aspx"
"648","https://www.imo.org/en/MediaCentre/SecretaryGeneral/Pages/Mensahprize.aspx"
"649","https://www.imo.org/en/MediaCentre/SecretaryGeneral/Pages/Global-Maritime-Environmental-Congress-and-Shipbuilding,-Machinery-and-Marine-Technology-Exhibition-2010.aspx"
"650","https://www.imo.org/en/MediaCentre/Pages/WhatsNewArchive-2017.aspx?page=17"
"651","https://www.imo.org/en/MediaCentre/SecretaryGeneral/Pages/MEPC%2067%20Closing-Remarks.aspx"
"652","https://www.imo.org/en/MediaCentre/SecretaryGeneral/Pages/IRIranIMO70.aspx"
"653","https://www.imo.org/en/MediaCentre/SecretaryGeneral/Pages/FSS-closing.aspx"
"654","https://www.imo.org/en/MediaCentre/SecretaryGeneral/Pages/TC-65-opening.aspx"
"655","https://www.imo.org/en/MediaCentre/SecretaryGeneral/Pages/LEG-99-opening.aspx"
"656","https://www.imo.org/en/MediaCentre/SecretaryGeneral/Pages/MEPC-63-closing.aspx"
"657","https://www.imo.org/en/MediaCentre/SecretaryGeneral/Pages/Philippine-Maritime-.aspx"
"658","https://www.imo.org/en/MediaCentre/Pages/WhatsNewArchive-2017.aspx?page=9"
"659","https://www.imo.org/en/MediaCentre/SecretaryGeneral/Pages/SafetyatSeaawards2017.aspx"
"660","https://www.imo.org/en/MediaCentre/MeetingSummaries/Pages/Assembly-26th-Session-Outcome.aspx"
"661","https://www.imo.org/en/MediaCentre/SecretaryGeneral/Pages/fssopening.aspx"
"662","https://www.imo.org/en/MediaCentre/SecretaryGeneral/Pages/MEPC-72-opening.aspx"
"663","https://www.imo.org/en/MediaCentre/SecretaryGeneral/Pages/SDC-6-opening.aspx"
"664","https://www.imo.org/en/MediaCentre/MeetingSummaries/Pages/III-4th-Session-(outcome-related-to-IUU-fishing).aspx"
"665","https://www.imo.org/en/MediaCentre/SecretaryGeneral/Pages/IMLI-graduation.aspx"
"666","https://www.imo.org/en/MediaCentre/Pages/WhatsNew-262.aspx"
"667","https://www.imo.org/en/MediaCentre/Pages/WhatsNew-1462.aspx"
"668","https://www.imo.org/en/MediaCentre/Pages/WhatsNew-303.aspx"
"669","https://www.imo.org/en/MediaCentre/Pages/WhatsNew-1532.aspx"
"670","https://www.imo.org/en/MediaCentre/SecretaryGeneral/Pages/rioplus20sideevent.aspx"
"671","https://www.imo.org/en/MediaCentre/SecretaryGeneral/Pages/ICS2014.aspx"
"672","https://www.imo.org/en/MediaCentre/SecretaryGeneral/Pages/IMLI25.aspx"
"673","https://www.imo.org/en/MediaCentre/SecretaryGeneral/Pages/offshorearabia2018.aspx"
"674","https://www.imo.org/en/MediaCentre/SecretaryGeneral/Pages/Bangladeshseminar.aspx"
"675","https://www.imo.org/en/MediaCentre/Pages/WhatsNew-761.aspx"
"676","https://www.imo.org/en/MediaCentre/SecretaryGeneral/Pages/Perupiracy.aspx"
"677","https://www.imo.org/en/MediaCentre/SecretaryGeneral/Pages/Sustainable-Blue-Economy-Conference,-Nairobi,-Kenya---statement,-plenary-session.aspx"
"678","https://www.imo.org/en/MediaCentre/SecretaryGeneral/Pages/CCC4opening.aspx"
"679","https://www.imo.org/en/MediaCentre/SecretaryGeneral/Pages/III-5-opening.aspx"
"680","https://www.imo.org/en/MediaCentre/Pages/WhatsNewArchive-2014.aspx?page=21"
"681","https://www.imo.org/en/MediaCentre/SecretaryGeneral/Pages/Crew-changes-UNGA-event.aspx"
"682","https://www.imo.org/en/MediaCentre/SecretaryGeneral/Pages/London-International-Shipping-Week-Headline-Conference.aspx"
"683","https://www.imo.org/en/MediaCentre/SecretaryGeneral/Pages/CyprusShippingChamber2018.aspx"
"684","https://www.imo.org/en/MediaCentre/SecretaryGeneral/Pages/TC-61.aspx"
"685","https://www.imo.org/en/MediaCentre/SecretaryGeneral/Pages/bravery2011.aspx"
"686","https://www.imo.org/en/MediaCentre/SecretaryGeneral/Pages/Handover-of-Marine-Electronic-Highway-Information-Technology-System.aspx"
"687","https://www.imo.org/en/MediaCentre/SecretaryGeneral/Pages/FairTreatmentWorkshop.aspx"
"688","https://www.imo.org/en/MediaCentre/SecretaryGeneral/Pages/IMAREST-forum-BWM-.aspx"
"689","https://www.imo.org/en/MediaCentre/SecretaryGeneral/Pages/NorShipping-2019.aspx"
"690","https://www.imo.org/en/MediaCentre/SecretaryGeneral/Pages/MSC-95-opening.aspx"
"691","https://www.imo.org/en/MediaCentre/SecretaryGeneral/Pages/europeanmaritimeday.aspx"
"692","https://www.imo.org/en/MediaCentre/SecretaryGeneral/Pages/World-Economic-Forum---Transport-Day-of-the-Race-to-Zero-Dialogues.aspx"
"693","https://www.imo.org/en/MediaCentre/SecretaryGeneral/Pages/itlos.aspx"
"694","https://www.imo.org/en/MediaCentre/SecretaryGeneral/Pages/LC-LP-38-11-opening.aspx"
"695","https://www.imo.org/en/MediaCentre/SecretaryGeneral/Pages/WMDPE2018.aspx"
"696","https://www.imo.org/en/MediaCentre/SecretaryGeneral/Pages/A30-closing.aspx"
"697","https://www.imo.org/en/MediaCentre/PressBriefings/Pages/53-BWM-forum-call-for-papers.aspx"
"698","http://www.imo.org/en/MediaCentre/PressBriefings/Pages/13-WMD2019themeC120.aspx?platform=hootsuite"
"699","http://www.imo.org/en/MediaCentre/PressBriefings/Pages/01-amendments.aspx?%25252525252525252525252525252525252525252525255Fescaped%25252525252525252525252525252525252525252525255Ffragment%25252525252525252525252525252525252525252525255F=0"
"700","https://www.imo.org/en/MediaCentre/SecretaryGeneral/Pages/SDC-4-opening.aspx"
"701","https://www.imo.org/en/MediaCentre/SecretaryGeneral/Pages/2012-bravery.aspx"
"702","https://www.imo.org/en/MediaCentre/SecretaryGeneral/Pages/World-Maritime-Day-Parallel-Event-Colombia-.aspx"
"703","https://www.imo.org/en/MediaCentre/MeetingSummaries/Pages/Council-120th-session,-2-5-July-2018.aspx"
"704","https://www.imo.org/en/MediaCentre/Pages/WhatsNew-1000.aspx"
"705","https://www.imo.org/en/MediaCentre/SecretaryGeneral/Pages/Speech-to-European-Maritime-Safety-Agency-(EMSA)-staff.aspx"
"706","https://www.imo.org/en/MediaCentre/SecretaryGeneral/Pages/porttechnaplesopening.aspx"
"707","https://www.imo.org/en/MediaCentre/SecretaryGeneral/Pages/SLF-55.aspx"
"708","https://www.imo.org/en/MediaCentre/Pages/WhatsNewArchive-2017.aspx?page=5"
"709","https://www.imo.org/en/MediaCentre/SecretaryGeneral/Pages/Finnish-Transport-Safety-Agency.aspx"
"710","https://www.imo.org/en/MediaCentre/SecretaryGeneral/Pages/IHO5th.aspx"
"711","https://www.imo.org/en/MediaCentre/SecretaryGeneral/Pages/ALCOM-.aspx"
"712","https://www.imo.org/en/MediaCentre/SecretaryGeneral/Pages/iacscouncil2014.aspx"
"713","https://www.imo.org/en/MediaCentre/SecretaryGeneral/Pages/ICS-2015-.aspx"
"714","https://www.imo.org/en/MediaCentre/SecretaryGeneral/Pages/IHO-Assembly-1-.aspx"
"715","https://www.imo.org/en/MediaCentre/SecretaryGeneral/Pages/ICSconference.aspx"
"716","https://www.imo.org/en/MediaCentre/SecretaryGeneral/Pages/CSR.aspx"
"717","https://www.imo.org/en/MediaCentre/SecretaryGeneral/Pages/FAL37.aspx"
"718","https://www.imo.org/en/MediaCentre/SecretaryGeneral/Pages/fal38.aspx"
"719","https://www.imo.org/en/MediaCentre/SecretaryGeneral/Pages/Technical%20Co-operation%20Committee.aspx"
"720","https://www.imo.org/en/MediaCentre/HotTopics/Pages/Sulphur-2020.aspx"
"721","http://www.imo.org/en/MediaCentre/PressBriefings/Pages/27-MSC-89-piracy.aspx?sms%2525255Fss=facebook&amp%2525253Bat%2525255Fxt=4dd74209de44ed23%2C0"
"722","https://www.imo.org/en/MediaCentre/SecretaryGeneral/Pages/LEG-101-opening.aspx"
"723","https://www.imo.org/en/MediaCentre/SecretaryGeneral/Pages/LC34.aspx"
"724","https://www.imo.org/en/MediaCentre/SecretaryGeneral/Pages/MSC-101-closing.aspx"
"725","https://www.imo.org/en/MediaCentre/SecretaryGeneral/Pages/TC64opening.aspx"
"726","https://www.imo.org/en/MediaCentre/SecretaryGeneral/Pages/LSE-opening-ceremony.aspx"
"727","https://www.imo.org/en/MediaCentre/SecretaryGeneral/Pages/MexicoWorldMaritimeDay.aspx"
"728","https://www.imo.org/en/MediaCentre/SecretaryGeneral/Pages/NATSHIP12.aspx"
"729","https://www.imo.org/en/MediaCentre/SecretaryGeneral/Pages/CMA.aspx"
"730","https://www.imo.org/en/MediaCentre/SecretaryGeneral/Pages/msc90highlevel.aspx"
"731","https://www.imo.org/en/MediaCentre/SecretaryGeneral/Pages/MEPC-66-opening.aspx"
"732","https://www.imo.org/en/MediaCentre/SecretaryGeneral/Pages/SSE-7-opening--.aspx"
"733","https://www.imo.org/en/MediaCentre/SecretaryGeneral/Pages/Maritime-Development-in-the-Caribbean.aspx"
"734","https://www.imo.org/en/MediaCentre/SecretaryGeneral/Pages/III4opening.aspx"
"735","https://www.imo.org/en/MediaCentre/SecretaryGeneral/Pages/MSC-98-closing.aspx"
"736","https://www.imo.org/en/MediaCentre/SecretaryGeneral/Pages/Economysea-conf.aspx"
"737","https://www.imo.org/en/MediaCentre/SecretaryGeneral/Pages/londonshippingweek.aspx"
"738","https://www.imo.org/en/MediaCentre/SecretaryGeneral/Pages/MSC-99-closing.aspx"
"739","https://www.imo.org/en/MediaCentre/SecretaryGeneral/Pages/MEPC-69-opening.aspx"
"740","https://www.imo.org/en/MediaCentre/SecretaryGeneral/Pages/IMLIgraduation2014.aspx"
"741","https://www.imo.org/en/MediaCentre/SecretaryGeneral/Pages/impa2014.aspx"
"742","https://www.imo.org/en/MediaCentre/SecretaryGeneral/Pages/MEPC-71-opening.aspx"
"743","https://www.imo.org/en/MediaCentre/SecretaryGeneral/Pages/WMU-graduation-2015-.aspx"
"744","https://www.imo.org/en/MediaCentre/SecretaryGeneral/Pages/MexicoIMOcurrent.aspx"
"745","https://www.imo.org/en/MediaCentre/SecretaryGeneral/Pages/MEPC-70-opening.aspx"
"746","https://www.imo.org/en/MediaCentre/SecretaryGeneral/Pages/piri-reis.aspx"
"747","https://www.imo.org/en/MediaCentre/SecretaryGeneral/Pages/World-Maritime-University-Graduation-Ceremony.aspx"
"748","https://www.imo.org/en/MediaCentre/SecretaryGeneral/Pages/2014-wmd-launch-.aspx"
"749","https://www.imo.org/en/MediaCentre/SecretaryGeneral/Pages/56th-Session-of-Sub-Committee-on-Safety-of-Navigation-(NAV-56).aspx"
"750","https://www.imo.org/en/MediaCentre/SecretaryGeneral/Pages/World-Maritime-University-Graduation-2019-.aspx"
"751","https://www.imo.org/en/MediaCentre/Pages/WhatsNew-451.aspx"
"752","https://www.imo.org/en/MediaCentre/SecretaryGeneral/Pages/Archive%20-%20Secretary-GeneralsSpeechesToMeetings.aspx"
"753","https://www.imo.org/en/mediacentre/imomediaaccreditation/pages/b-roll_mepc72.aspx"
"754","https://www.imo.org/en/MediaCentre/SecretaryGeneral/Pages/IACS-Council-meeting.aspx"
"755","https://www.imo.org/en/MediaCentre/SecretaryGeneral/Pages/FAL-39-opening.aspx"
"756","https://www.imo.org/en/MediaCentre/SecretaryGeneral/Pages/WGpiracy.aspx"
"757","https://www.imo.org/en/MediaCentre/SecretaryGeneral/Pages/RINA-ANNUAL-DINNER.aspx"
"758","https://www.imo.org/en/MediaCentre/SecretaryGeneral/Pages/MSC-92-opening.aspx"
"759","https://www.imo.org/en/MediaCentre/SecretaryGeneral/Pages/MSC-102-opening.aspx"
"760","https://www.imo.org/en/MediaCentre/SecretaryGeneral/Pages/IMPA-Conference.aspx"
"761","https://www.imo.org/en/MediaCentre/SecretaryGeneral/Pages/dubaipiracyIMOview.aspx"
"762","https://www.imo.org/en/MediaCentre/SecretaryGeneral/Pages/Singapore-Maritime-Lecture.aspx"
"763","https://www.imo.org/en/MediaCentre/Pages/WhatsNewArchive-2014.aspx?page=7"
"764","https://www.imo.org/en/MediaCentre/SecretaryGeneral/Pages/porttechnaples.aspx"
"765","https://www.imo.org/en/MediaCentre/SecretaryGeneral/Pages/EMSA.aspx"
"766","https://www.imo.org/en/MediaCentre/SecretaryGeneral/Pages/Maritime%20Safety%20Committee%20closing%20remarks.aspx"
"767","https://www.imo.org/en/MediaCentre/SecretaryGeneral/Pages/makarovcadets.aspx"
"768","https://www.imo.org/en/MediaCentre/SecretaryGeneral/Pages/NCSR-7-opening.aspx"
"769","https://www.imo.org/en/MediaCentre/SecretaryGeneral/Pages/wmd2013launch.aspx"
"770","https://www.imo.org/en/MediaCentre/SecretaryGeneral/Pages/COMSAR-15.aspx"
"771","https://www.imo.org/en/MediaCentre/SecretaryGeneral/Pages/MSC-94-opening.aspx"
"772","https://www.imo.org/en/MediaCentre/SecretaryGeneral/Pages/Sub-Committee-on-Implementation-of-IMO-Instruments,-III-6,-1-5-July-(opening-remarks).aspx"
"773","https://www.imo.org/en/MediaCentre/SecretaryGeneral/Pages/MEPC-62.aspx"
"774","https://www.imo.org/en/MediaCentre/SecretaryGeneral/Pages/msc-90-closing.aspx"
"775","https://www.imo.org/en/MediaCentre/Pages/WhatsNewArchive-2014.aspx?page=11"
"776","https://www.imo.org/en/MediaCentre/SecretaryGeneral/Pages/chileSAR.aspx"
"777","https://www.imo.org/en/MediaCentre/SecretaryGeneral/Pages/LC-LP-37-opening.aspx"
"778","https://www.imo.org/en/MediaCentre/SecretaryGeneral/Pages/WMU-graduation.aspx"
"779","https://www.imo.org/en/MediaCentre/SecretaryGeneral/Pages/MEPC-65-opening.aspx"
"780","https://www.imo.org/en/MediaCentre/SecretaryGeneral/Pages/Marine%20Environment%20Protection%20Committee%20(MEPC),%2064th%20session.aspx"
"781","https://www.imo.org/en/MediaCentre/SecretaryGeneral/Pages/MSC-99-opening.aspx"
"782","https://www.imo.org/en/MediaCentre/SecretaryGeneral/Pages/mepc66closing.aspx"
"783","https://www.imo.org/en/MediaCentre/SecretaryGeneral/Pages/exponaval.aspx"
"784","https://www.imo.org/en/MediaCentre/SecretaryGeneral/Pages/World-Shipping-China2012-.aspx"
"785","https://www.imo.org/en/MediaCentre/SecretaryGeneral/Pages/III-2-opening.aspx"
"786","https://www.imo.org/en/MediaCentre/SecretaryGeneral/Pages/LC35LP8.aspx"
"787","https://www.imo.org/en/MediaCentre/SecretaryGeneral/Pages/Sub-Committee-on-Dangerous-Goods,-Solid-cargoes-and-Containers-(DSC)---15th-Session,-13---17-September-2010-.aspx"
"788","https://www.imo.org/en/MediaCentre/SecretaryGeneral/Pages/MEPC-71-CLOSING.aspx"
"789","https://www.imo.org/en/MediaCentre/Pages/WhatsNew-257.aspx"
"790","https://www.imo.org/en/MediaCentre/SecretaryGeneral/Pages/FAL-44-opening.aspx"
"791","https://www.imo.org/en/MediaCentre/SecretaryGeneral/Pages/FAOCOFI.aspx"
"792","https://www.imo.org/en/MediaCentre/Pages/WhatsNewArchive-2017.aspx?page=25"
"793","https://www.imo.org/en/MediaCentre/SecretaryGeneral/Pages/Coastguardforum.aspx"
"794","https://www.imo.org/en/MediaCentre/SecretaryGeneral/Pages/TC-63-opening.aspx"
"795","http://www.imo.org/en/MediaCentre/PressBriefings/Pages/30-djiboutitraining.aspx?sms%252525252525255Fss=facebook&at%252525252525255Fxt=4de57d45232f6082%2C0"
"796","http://www.imo.org/en/MediaCentre/HotTopics/passengership/Pages/default.aspx"
"797","http://www.imo.org/en/MediaCentre/PressBriefings/Pages/18-MEPCGHGprogramme.aspx?%252525252525255F%252525252525255Fhstc=32645665.7ab734f9822a9c3981f04695664b9dc0.1541376000087.1541376000088.1541376000089.1&%252525252525255F%252525252525255Fhssc=32645665.1.1541376000090&%252525252525255F%252525252525255Fhsfp=528229161z"
"798","https://www.imo.org/en/MediaCentre/Pages/WhatsNewArchive-2017.aspx?page=23"
"799","https://www.imo.org/en/MediaCentre/SecretaryGeneral/Pages/ncsr1opening.aspx"
"800","https://www.imo.org/en/MediaCentre/SecretaryGeneral/Pages/Brazilian-Naval-War-College.aspx"
"801","https://www.imo.org/en/MediaCentre/SecretaryGeneral/Pages/ticad-v.aspx"
"802","https://www.imo.org/en/MediaCentre/SecretaryGeneral/Pages/MSC-95-closing.aspx"
"803","https://www.imo.org/en/MediaCentre/SecretaryGeneral/Pages/IMLI-graduation-2019.aspx"
"804","https://www.imo.org/en/MediaCentre/SecretaryGeneral/Pages/COMSAR-16.aspx"
"805","https://www.imo.org/en/MediaCentre/SecretaryGeneral/Pages/KOREAMARITIMEUNI.aspx"
"806","https://www.imo.org/en/MediaCentre/SecretaryGeneral/Pages/EU-ministers.aspx"
"807","https://www.imo.org/en/MediaCentre/Pages/WhatsNewArchive-2017.aspx?page=3"
"808","https://www.imo.org/en/MediaCentre/SecretaryGeneral/Pages/Contact-Group-on-Piracy-off-the-Coast-of-Somali,-WG-1-(3rd-Session).aspx"
"809","https://www.imo.org/en/MediaCentre/SecretaryGeneral/Pages/WISTA-Inmarsat-panel-LISW.aspx"
"810","https://www.imo.org/en/MediaCentre/Pages/WhatsNew-229.aspx"
"811","https://www.imo.org/en/MediaCentre/Pages/WhatsNew-1215.aspx"
"812","https://www.imo.org/en/MediaCentre/SecretaryGeneral/Pages/Handover-of-petition-on-piracy--.aspx"
"813","https://www.imo.org/en/MediaCentre/SecretaryGeneral/Pages/varnaimplementation.aspx"
"814","https://www.imo.org/en/MediaCentre/SecretaryGeneral/Pages/SSE-4-opening.aspx"
"815","https://www.imo.org/en/MediaCentre/MeetingSummaries/Pages/COMSAR-14th-Session.aspx"
"816","https://www.imo.org/en/MediaCentre/Pages/WhatsNewArchive-2014.aspx?page=10"
"817","https://www.imo.org/en/MediaCentre/SecretaryGeneral/Pages/MSC-96-opening.aspx"
"818","https://www.imo.org/en/MediaCentre/SecretaryGeneral/Pages/MARENER-2017-.aspx"
"819","https://www.imo.org/en/MediaCentre/SecretaryGeneral/Pages/bravery2014.aspx"
"820","https://www.imo.org/en/MediaCentre/SecretaryGeneral/Pages/CLOSING-REMARKS-AT-THE-END-OF-LC-41-LP-14.aspx"
"821","https://www.imo.org/en/MediaCentre/SecretaryGeneral/Pages/WMUgrads2013.aspx"
"822","https://www.imo.org/en/MediaCentre/Pages/WhatsNew-1080.aspx"
"823","https://www.imo.org/en/MediaCentre/SecretaryGeneral/Pages/Maritime-SHE-EO-.aspx"
"824","https://www.imo.org/en/MediaCentre/Pages/WhatsNewArchive-2017.aspx?page=12"
"825","https://www.imo.org/en/MediaCentre/SecretaryGeneral/Pages/NCSR-3-opening.aspx"
"826","https://www.imo.org/en/MediaCentre/SecretaryGeneral/Pages/Sub-Committee-on-Human-Element,-Training-and-Watchkeeping-(HTW),-5th-session,-16-20-February-2018-(opening-address).aspx"
"827","https://www.imo.org/en/MediaCentre/SecretaryGeneral/Pages/DOTS-webinar.aspx"
"828","https://www.imo.org/en/MediaCentre/SecretaryGeneral/Pages/MEPC-68-opening.aspx"
"829","https://www.imo.org/en/MediaCentre/Pages/WhatsNew-758.aspx"
"830","https://www.imo.org/en/MediaCentre/Pages/WhatsNew-611.aspx"
"831","https://www.imo.org/en/MediaCentre/SecretaryGeneral/Pages/ECSAseminar.aspx"
"832","https://www.imo.org/en/MediaCentre/Pages/WhatsNewArchive-2017.aspx?page=7"
"833","https://www.imo.org/en/MediaCentre/SecretaryGeneral/Pages/IMLI-Graduation-speech,-Malta-.aspx"
"834","https://www.imo.org/en/MediaCentre/Pages/WhatsNewArchive-2018.aspx?page=8"
"835","https://www.imo.org/en/MediaCentre/SecretaryGeneral/Pages/FAL-41-opening.aspx"
"836","https://www.imo.org/en/MediaCentre/SecretaryGeneral/Pages/SSE-3-opening.aspx"
"837","https://www.imo.org/en/MediaCentre/Pages/WhatsNew-833.aspx"
"838","https://www.imo.org/en/MediaCentre/Pages/WhatsNewArchive-2015.aspx?page=3"
"839","https://www.imo.org/en/MediaCentre/SecretaryGeneral/Pages/SDC-3-opening.aspx"
"840","https://www.imo.org/en/MediaCentre/SecretaryGeneral/Pages/2ndMaritimeAdministratorsSingapore.aspx"
"841","https://www.imo.org/en/MediaCentre/SecretaryGeneral/Pages/LC36LP9.aspx"
"842","https://www.imo.org/en/MediaCentre/Pages/WhatsNew-706.aspx"
"843","https://www.imo.org/en/MediaCentre/Pages/WhatsNewArchive-2018.aspx?page=12"
"844","https://www.imo.org/en/MediaCentre/Pages/WhatsNewArchive-2014.aspx?page=19"
"845","https://www.imo.org/en/MediaCentre/Pages/WhatsNew-209.aspx"
"846","https://www.imo.org/en/MediaCentre/Pages/WhatsNew-1114.aspx"
"847","https://www.imo.org/en/MediaCentre/Pages/WhatsNewArchive-2014.aspx?page=5"
"848","https://www.imo.org/en/MediaCentre/Pages/WhatsNew-757.aspx"
"849","https://www.imo.org/en/MediaCentre/Pages/WhatsNew-307.aspx"
"850","https://www.imo.org/en/MediaCentre/Pages/WhatsNewArchive-2017.aspx?page=22"
"851","https://www.imo.org/en/MediaCentre/SecretaryGeneral/Pages/MSc-97-closing-.aspx"
"852","https://www.imo.org/en/MediaCentre/Pages/WhatsNew-260.aspx"
"853","http://www.imo.org/en/MediaCentre/PressBriefings/Pages/07-WMD-2017-launch.aspx?%2525252525252525252525252525255Fhsenc=p2ANqtz--83u9RiY0DcbLRkz8ZmUChLnE9fQXdK6zyoCWYki5MZ1M2Iugt9eFzDTcyxeT68M00JaJI"
"854","http://www.imo.org/en/MediaCentre/PressBriefings/Pages/11-titanic.aspx?ref=nf"
"855","https://www.imo.org/en/MediaCentre/SecretaryGeneral/Pages/IALA-VTS-Symposium.aspx"
"856","https://www.imo.org/en/MediaCentre/SecretaryGeneral/Pages/World-Maritime-Day-Parallel-Event1023-8802.aspx"
"857","http://www.imo.org/en/MediaCentre/PressBriefings/Pages/44-ECA-sulphur.aspx?bcsi%25252525252525252525252525252525252525252525252Dac%25252525252525252525252525252525252525252525252Da70e1c0dc9ec8868=2719437500000002FdEKPQGgoWDRmq%2FESWGFaZ8vGvv7HAAAAgAAAH39bACEAwAA4gAAANRXBwA"
"858","https://www.imo.org/en/MediaCentre/Pages/WhatsNew-304.aspx"
"859","https://www.imo.org/en/MediaCentre/Pages/WhatsNew-1517.aspx"
"860","https://www.imo.org/en/MediaCentre/SecretaryGeneral/Pages/Georgia-International-Maritime-Forum-(opening-keynote-address).aspx"
"861","https://www.imo.org/en/MediaCentre/SecretaryGeneral/Pages/WMDPE-Turkey-opening.aspx"
"862","https://www.imo.org/en/MediaCentre/SecretaryGeneral/Pages/arcticworkshop.aspx"
"863","https://www.imo.org/en/MediaCentre/SecretaryGeneral/Pages/CGPCS2014.aspx"
"864","https://www.imo.org/en/MediaCentre/Pages/WhatsNew-1142.aspx"
"865","https://www.imo.org/en/MediaCentre/SecretaryGeneral/Pages/Singaporegreenshipping.aspx"
"866","https://www.imo.org/en/MediaCentre/PressBriefings/Pages/16-ferry-conf-Manila.aspx"
"867","https://www.imo.org/en/MediaCentre/Pages/WhatsNewArchive-2016.aspx?page=11"
"868","https://www.imo.org/en/mediacentre/pressbriefings/pages/guide-to-rescue-at-sea-for-refugees-and-migrants-now-available-in-six-languages.aspx"
"869","http://www.imo.org/en/MediaCentre/PressBriefings/Pages/MEPC-70-2020sulphur.aspx?%2525252525252525252525252525252525252525255Fhsenc=p2ANqtz-9VhSkWx4bzQ1-LAT20QXtxkvxOdxv5p1ro11-v5eBjujLbZ9HKN_EH8wyDHu1St2eMXw2i"
"870","https://www.imo.org/en/MediaCentre/Pages/WhatsNew-1180.aspx"
"871","http://www.imo.org/en/MediaCentre/MeetingSummaries/SSE/Pages/FP-56.aspx"
"872","https://www.imo.org/en/MediaCentre/SecretaryGeneral/Pages/MSC-87.aspx"
"873","https://www.imo.org/en/MediaCentre/SecretaryGeneral/Pages/DE-55-opening.aspx"
"874","https://www.imo.org/en/MediaCentre/SecretaryGeneral/Pages/sTW-42.aspx"
"875","https://www.imo.org/en/MediaCentre/SecretaryGeneral/Pages/MSC-92-closing.aspx"
"876","https://www.imo.org/en/MediaCentre/SecretaryGeneral/Pages/MSC-101-opening.aspx"
"877","https://www.imo.org/en/MediaCentre/SecretaryGeneral/Pages/ec-piracyseminar.aspx"
"878","https://www.imo.org/en/MediaCentre/SecretaryGeneral/Pages/indonesiatraining.aspx"
"879","https://www.imo.org/en/MediaCentre/SecretaryGeneral/Pages/Assembly28.aspx"
"880","https://www.imo.org/en/MediaCentre/SecretaryGeneral/Pages/BLG-15.aspx"
"881","https://www.imo.org/en/MediaCentre/SecretaryGeneral/Pages/FP-56-opening.aspx"
"882","https://www.imo.org/en/MediaCentre/SecretaryGeneral/Pages/Legal-Committee-98th-session.aspx"
"883","https://www.imo.org/en/MediaCentre/SecretaryGeneral/Pages/MSC-90-opening.aspx"
"884","https://www.imo.org/en/MediaCentre/SecretaryGeneral/Pages/Sub-Committee-on-Stability-and-Load-Lines-and-on-Fishing-Vessels'-Safety-(SLF)-53rd-session.aspx"
"885","https://www.imo.org/en/MediaCentre/SecretaryGeneral/Pages/A-27-opening.aspx"
"886","https://www.imo.org/en/MediaCentre/SecretaryGeneral/Pages/FP-55.aspx"
"887","https://www.imo.org/en/MediaCentre/MeetingSummaries/Pages/LEG-102nd-session.aspx"
"888","http://www.imo.org/en/MediaCentre/PressBriefings/Pages/03-WMU-visit.aspx?platform=hootsuite"
"889","https://www.imo.org/en/MediaCentre/MeetingSummaries/Pages/SSE-1.aspx"
"890","https://www.imo.org/en/MediaCentre/SecretaryGeneral/Pages/MarineEnvironmentProtectionCommittee(MEPC)60thsession22Marchto26March2010.aspx"
"891","https://www.imo.org/en/MediaCentre/SecretaryGeneral/Pages/Marine-Environment-Protection-Committee-(MEPC)-61st-session-27-September-to-1-October-2010--.aspx"
